
********************************************************************************
              Instrument risk report produced on 01/10/2026 22:58               
********************************************************************************


Risk calculation for different instruments, columns as follows:
A- daily_price_stdev: Standard deviation, price points, per day
B- annual_price_stdev: Standard deviation, price points, per year =A*16       
C- price: Price  
D- daily_perc_stdev: Standard deviation, percentage (1=1%), per day =A/C 
E- annual_perc_stdev: Standard deviation, percentage (1=1%), per year = B/C = D*16  
F- point_size_base: Futures multiplier in base (account) currency  
G- contract_exposure: Notional value of one contract = F*C  
H- annual_risk_per_contract: Standard deviation, base currency, per year = B * F = E * G

=======================================================================================================================================================================
                                             Risk of all instruments with data - sorted by annualised % standard deviation                                             
=======================================================================================================================================================================

                  daily_price_stdev  annual_price_stdev        price  daily_perc_stdev  annual_perc_stdev  point_size_base  contract_exposure  annual_risk_per_contract
HOUSE-US                     0.1399               2.238     371.8000             0.038                0.6     1.887280e+02            70169.0                     422.0
SARONA                       0.0378               0.605      99.6650             0.038                0.6     2.256276e+03           224872.0                    1366.0
FED                          0.0531               0.849      95.5150             0.056                0.9     3.145725e+03           300464.0                    2670.0
SOFR                         0.0563               0.901      95.2800             0.059                0.9     1.887284e+03           179820.0                    1700.0
EURIBOR-ICE                  0.0581               0.930      96.5600             0.060                1.0     2.136320e+03           206283.0                    1987.0
EURIBOR                      0.0600               0.961      96.5700             0.062                1.0     2.136320e+03           206304.0                    2053.0
SONIA3                       0.0618               0.989      95.2150             0.065                1.0     2.500000e+03           238038.0                    2471.0
CAD2                         0.0962               1.539     104.3250             0.092                1.5     5.298010e+02            55271.0                     815.0
US2                          0.0984               1.574     101.8320             0.097                1.5     1.509827e+03           153749.0                    2377.0
SHATZ                        0.1035               1.656     104.8700             0.099                1.6     8.545280e+02            89614.0                    1415.0
CNH-onshore                  0.0002               0.003       0.1492             0.119                1.9     3.774568e+05            56324.0                    1072.0
KR3                          0.1301               2.081     102.3900             0.127                2.0     5.551450e+02            56841.0                    1155.0
CNH                          0.0086               0.137       6.6815             0.128                2.1     1.124295e+04            75120.0                    1541.0
BTP3                         0.1485               2.377     104.2650             0.142                2.3     8.545280e+02            89097.0                    2031.0
US3                          0.1525               2.440     102.5703             0.149                2.4     1.509827e+03           154863.0                    3684.0
HIGHYIELD                    0.3368               5.388     183.5000             0.184                2.9     7.549140e+02           138527.0                    4068.0
SGD_mini                     0.0025               0.040       1.2706             0.196                3.1     1.474792e+04            18739.0                     587.0
SGD                          0.0025               0.040       1.2778             0.196                3.1     5.899168e+04            75383.0                    2369.0
JGB                          0.2565               4.104     124.3200             0.206                3.3     4.766320e+03           592549.0                   19561.0
JGB-mini                     0.2583               4.133     124.3300             0.208                3.3     4.766320e+02            59260.0                    1970.0
GBPEUR                       0.0018               0.029       0.8540             0.210                3.4     1.250000e+05           106756.0                    3581.0
US5                          0.2245               3.592     103.6328             0.217                3.5     7.549140e+02            78234.0                    2711.0
BOBL                         0.2492               3.987     112.4100             0.222                3.5     8.545280e+02            96058.0                    3407.0
JGB-SGX-mini                 0.2865               4.584     124.3200             0.230                3.7     4.766320e+02            59255.0                    2185.0
CAD5                         0.2559               4.094     110.6700             0.231                3.7     5.298010e+02            58633.0                    2169.0
CAD                          0.0019               0.031       0.7052             0.274                4.4     7.549135e+04            53237.0                    2331.0
EURCAD                       0.0044               0.070       1.5999             0.274                4.4     6.622513e+04           105954.0                    4646.0
CAD_micro                    0.0019               0.031       0.7053             0.276                4.4     7.549135e+03             5324.0                     235.0
INR                          0.2890               4.625     103.5200             0.279                4.5     3.774570e+02            39074.0                    1746.0
TWD-mini                     0.0009               0.015       0.3097             0.306                4.9     7.549135e+04            23380.0                    1145.0
US10                         0.3260               5.215     104.6250             0.312                5.0     7.549140e+02            78983.0                    3937.0
IG                           0.4642               7.427     146.3200             0.317                5.1     7.549140e+02           110459.0                    5607.0
BUND                         0.3946               6.314     120.2500             0.328                5.3     8.545280e+02           102757.0                    5395.0
DX                           0.3350               5.360     101.9050             0.329                5.3     7.549140e+02            76929.0                    4046.0
CH10                         0.3523               5.637     104.1000             0.338                5.4     9.025100e+02            93951.0                    5087.0
EURAUD                       0.0056               0.089       1.6298             0.341                5.5     6.556094e+04           106851.0                    5826.0
EUR_mini                     0.0039               0.062       1.1273             0.345                5.5     4.718210e+04            53188.0                    2939.0
EUR                          0.0039               0.062       1.1272             0.346                5.5     9.436419e+04           106367.0                    5896.0
EUR_micro                    0.0039               0.063       1.1272             0.347                5.6     9.436419e+03            10637.0                     591.0
GBP_micro                    0.0046               0.074       1.3195             0.352                5.6     4.718210e+03             6226.0                     351.0
GBP                          0.0047               0.075       1.3194             0.353                5.7     4.718210e+04            62252.0                    3520.0
EURCHF                       0.0033               0.053       0.9295             0.355                5.7     1.128138e+05           104860.0                    5964.0
CAD10                        0.4117               6.587     115.6900             0.356                5.7     5.298010e+02            61293.0                    3490.0
GBPCHF                       0.0040               0.064       1.0894             0.366                5.9     1.128138e+05           122899.0                    7196.0
BONO                         0.4331               6.929     114.9400             0.377                6.0     8.545280e+02            98219.0                    5921.0
CZK                          0.0002               0.003       0.0464             0.383                6.1     3.019654e+06           140233.0                    8583.0
US10U                        0.4067               6.507     105.4062             0.386                6.2     7.549140e+02            79573.0                    4912.0
KR10                         0.4222               6.755     104.2800             0.405                6.5     5.551450e+02            57890.0                    3750.0
TWD                          0.1305               2.087      31.3250             0.416                6.7     2.264741e+03            70943.0                    4727.0
CHF_micro                    0.0053               0.085       1.2129             0.439                7.0     9.436419e+03            11445.0                     805.0
OAT                          0.4768               7.628     108.3000             0.440                7.0     8.545280e+02            92545.0                    6518.0
CHF                          0.0053               0.086       1.2133             0.441                7.1     9.436419e+04           114492.0                    8074.0
BTP                          0.4872               7.795     109.6500             0.444                7.1     8.545280e+02            93699.0                    6661.0
AUD                          0.0031               0.049       0.6918             0.446                7.1     7.549135e+04            52225.0                    3723.0
NOK                          0.0005               0.007       0.1037             0.447                7.2     1.509827e+06           156569.0                   11204.0
AUD_micro                    0.0031               0.050       0.6918             0.448                7.2     7.549135e+03             5222.0                     374.0
YENEUR                       0.8149              13.038     177.1200             0.460                7.4     5.957900e+02           105526.0                    7768.0
GBPJPY                       1.0037              16.059     207.4600             0.484                7.7     5.957900e+02           123603.0                    9568.0
NZD                          0.0028               0.044       0.5616             0.492                7.9     7.549135e+04            42400.0                    3341.0
SEK                          0.0005               0.008       0.0998             0.498                8.0     1.509827e+06           150718.0                   12018.0
CHFJPY                       0.9523              15.237     190.1700             0.501                8.0     1.191580e+03           226603.0                   18157.0
PLN                          0.0013               0.021       0.2570             0.511                8.2     3.774568e+05            96991.0                    7932.0
AUDJPY                       0.5805               9.288     108.5400             0.535                8.6     9.532640e+02           103467.0                    8854.0
IRS                          0.0018               0.028       0.3259             0.542                8.7     7.549135e+05           246057.0                   21357.0
JPY                          0.0000               0.001       0.0064             0.575                9.2     9.436419e+06            60039.0                    5525.0
JPY_mini                     0.0000               0.001       0.0064             0.575                9.2     4.718210e+06            30017.0                    2764.0
R1000                       14.2438             227.901    2455.0000             0.580                9.3     3.774600e+01            92666.0                    8602.0
MXP                          0.0003               0.005       0.0542             0.588                9.4     3.774568e+05            20454.0                    1923.0
GILT                         0.4923               7.877      83.6900             0.588                9.4     1.000000e+03            83690.0                    7877.0
US20                         0.6159               9.855     103.0000             0.598                9.6     7.549140e+02            77756.0                    7440.0
KRWUSD_mini                  0.0046               0.074       0.7351             0.627               10.0     1.887284e+04            13873.0                    1392.0
KRWUSD                       0.0000               0.000       0.0007             0.637               10.2     9.436419e+07            69131.0                    7045.0
BRE                          0.0012               0.019       0.1902             0.638               10.2     7.549135e+04            14362.0                    1466.0
EUROSTX200-LARGE             4.2321              67.713     662.2000             0.639               10.2     4.272600e+01            28293.0                    2893.0
AEX_mini                     7.1832             114.931    1102.0000             0.652               10.4     1.709100e+01            18834.0                    1964.0
JP-REALESTATE               11.1152             177.843    1697.5000             0.655               10.5     4.766000e+00             8091.0                     848.0
BUXL                         0.6624              10.599     100.7000             0.658               10.5     8.545280e+02            86051.0                    9057.0
AEX                          7.2882             116.610    1103.4000             0.661               10.6     1.709060e+02           188577.0                   19929.0
SP500                       52.0128             832.205    7730.5000             0.673               10.8     3.774600e+01           291793.0                   31412.0
SP500_micro                 52.1593             834.548    7728.5000             0.675               10.8     3.775000e+00            29172.0                    3150.0
STEEL                        8.9616             143.385    1311.0000             0.684               10.9     1.509800e+01            19794.0                    2165.0
EURO600                      4.3288              69.260     628.8000             0.688               11.0     4.272600e+01            26866.0                    2959.0
MSCIWORLD                   33.9481             543.170    4919.5000             0.690               11.0     7.549000e+00            37138.0                    4100.0
SWISSLEAD                   15.5268             248.428    2237.0000             0.694               11.1     9.025000e+00            20189.0                    2242.0
US30                         0.7247              11.595     104.0000             0.697               11.1     7.549140e+02            78511.0                    8753.0
FTSE100                     73.0343            1168.549   10481.0000             0.697               11.1     1.000000e+01           104810.0                   11685.0
EU-MID                       4.6486              74.378     665.8000             0.698               11.2     4.272600e+01            28447.0                    3178.0
ZAR                          0.0004               0.007       0.0595             0.704               11.3     3.774568e+05            22468.0                    2529.0
DOW_mini                   366.9917            5871.867   51241.0000             0.716               11.5     3.775000e+00           193413.0                   22164.0
DOW                        367.1570            5874.511   51234.0000             0.717               11.5     3.770000e-01            19339.0                    2217.0
SPI200                      62.7810            1004.497    8648.0000             0.726               11.6     1.311200e+01           113394.0                   13171.0
CLP                          0.0000               0.000       0.0010             0.745               11.9     3.774568e+07            38765.0                    4623.0
FTSE250                    180.4571            2887.314   24210.0000             0.745               11.9     2.000000e+00            48420.0                    5775.0
EU-DIV30                    17.8696             285.914    2371.5000             0.754               12.1     8.545000e+00            20265.0                    2443.0
MSCISING                     4.0171              64.274     532.9500             0.754               12.1     5.899200e+01            31440.0                    3792.0
EUROSTX-SMALL                2.9473              47.157     390.5000             0.755               12.1     4.272600e+01            16685.0                    2015.0
EUROSTX-LARGE                5.2907              84.652     691.6000             0.765               12.2     4.272600e+01            29550.0                    3617.0
SMI                        106.2011            1699.217   13627.0000             0.779               12.5     9.025000e+00           122985.0                   15336.0
SP400                       28.6835             458.936    3658.4000             0.784               12.5     7.549100e+01           276178.0                   34646.0
SMI-MID                     24.3712             389.938    3035.0000             0.803               12.8     9.025000e+00            27391.0                    3519.0
SOYBEAN                     10.0956             161.529    1254.7500             0.805               12.9     3.774600e+01            47361.0                    6097.0
CAC                         63.9810            1023.696    7838.5000             0.816               13.1     8.545000e+00            66982.0                    8748.0
DAX                        207.1315            3314.104   25108.0000             0.825               13.2     8.550000e-01            21455.0                    2832.0
BBCOMM                       1.1694              18.711     141.5900             0.826               13.2     7.549100e+01            10689.0                    1413.0
EUROSTX                     51.7095             827.352    6200.0000             0.834               13.3     8.545000e+00            52981.0                    7070.0
US-REALESTATE                3.0340              48.543     358.9000             0.845               13.5     7.549100e+01            27094.0                    3665.0
MSCIEAFA                    26.5133             424.214    3094.9000             0.857               13.7     3.774600e+01           116819.0                   16012.0
EPRA-EUROPE                 12.7688             204.301    1484.0000             0.860               13.8     8.545000e+00            12681.0                    1746.0
LEAD_LME                    16.0337             256.540    1856.0000             0.864               13.8     1.887300e+01            35028.0                    4842.0
US-STAPLES                   7.0676             113.081     818.1000             0.864               13.8     7.549100e+01            61759.0                    8537.0
EU-DJ-UTIL                   4.7883              76.613     551.3000             0.869               13.9     4.272600e+01            23555.0                    3273.0
RUSSELL                     24.8398             397.436    2828.3000             0.878               14.1     3.775000e+00            10676.0                    1500.0
RUSSELL_mini                24.8474             397.558    2829.1000             0.878               14.1     3.774600e+01           106786.0                   15006.0
OMX                         56.9093             910.548    6448.5000             0.883               14.1     8.545000e+00            55104.0                    7781.0
WHEAT_ICE                    1.8973              30.357     214.7500             0.884               14.1     1.000000e+02            21475.0                    3036.0
IBEX                       168.8860            2702.176   19097.0000             0.884               14.1     8.545000e+00           163189.0                   23091.0
EU-REALESTATE                1.0128              16.204     114.5000             0.885               14.2     4.272600e+01             4892.0                     692.0
EU-UTILS                     4.7098              75.357     526.1000             0.895               14.3     4.272600e+01            22478.0                    3220.0
IBEX_mini                  170.9468            2735.149   19070.0000             0.896               14.3     8.550000e-01            16296.0                    2337.0
US-HEALTH                   15.2062             243.299    1695.6000             0.897               14.3     7.549100e+01           128003.0                   18367.0
EU-CHEM                     11.4287             182.859    1260.1000             0.907               14.5     4.272600e+01            53840.0                    7813.0
US-INDUSTRY                 15.5858             249.372    1708.4000             0.912               14.6     7.549100e+01           128969.0                   18825.0
MIB                        461.5271            7384.433   50200.0000             0.919               14.7     4.273000e+00           214487.0                   31551.0
TOPIX                       38.2197             611.516    4128.7500             0.926               14.8     4.766000e+00            19679.0                    2915.0
EU-INSURE                    4.8292              77.267     520.2000             0.928               14.9     4.272600e+01            22226.0                    3301.0
SUGAR16                      0.3740               5.984      40.1000             0.933               14.9     8.455030e+02            33905.0                    5059.0
CORN                         4.8684              77.894     517.0000             0.942               15.1     3.774600e+01            19515.0                    2940.0
EU-OIL                       5.2316              83.706     546.1000             0.958               15.3     4.272600e+01            23333.0                    3576.0
ALUMINIUM_LME               30.1248             481.996    3135.0000             0.961               15.4     1.887300e+01            59166.0                    9097.0
BOVESPA                   1801.2716           28820.345  187415.0000             0.961               15.4     7.550000e-01           141482.0                   21757.0
IRON                         0.8960              14.336      93.2000             0.961               15.4     7.549100e+01             7036.0                    1082.0
US-UTILS                     7.8179             125.087     803.2000             0.973               15.6     7.549100e+01            60635.0                    9443.0
MILKWET                      0.1927               3.083      19.6000             0.983               15.7     1.509827e+03            29593.0                    4654.0
HANG                       242.8750            3885.999   24592.0000             0.988               15.8     4.811000e+00           118306.0                   18695.0
HANG_mini                  243.2294            3891.670   24592.0000             0.989               15.8     9.620000e-01            23661.0                    3744.0
NIKKEI400                  365.3655            5845.849   36935.0000             0.989               15.8     4.770000e-01            17604.0                    2786.0
EU-DJ-OIL                    5.9288              94.861     596.5000             0.994               15.9     4.272600e+01            25486.0                    4053.0
EU-HEALTH                   10.9066             174.506    1095.9000             0.995               15.9     4.272600e+01            46824.0                    7456.0
NASDAQ_micro               307.1744            4914.790   30799.5000             0.997               16.0     1.510000e+00            46502.0                    7420.0
NASDAQ                     307.9142            4926.627   30799.2500             1.000               16.0     1.509800e+01           465015.0                   74384.0
US-MATERIAL                 10.4268             166.829    1038.3000             1.004               16.1     7.549100e+01            78383.0                   12594.0
LIVECOW                      2.2913              36.661     225.6000             1.016               16.3     3.019650e+02            68123.0                   11071.0
COPPER_LME                 145.4959            2327.935   14324.5000             1.016               16.3     1.887300e+01           270344.0                   43935.0
SOYBEAN_mini                13.4857             215.771    1300.3750             1.037               16.6     7.549000e+00             9817.0                    1629.0
COAL-GEORDIE                 1.5479              24.767     149.0000             1.039               16.6     7.549140e+02           112482.0                   18697.0
HANGENT                     87.0233            1392.373    8208.0000             1.060               17.0     4.811000e+00            39487.0                    6698.0
FTSEVIET                    31.0282             496.451    2924.0000             1.061               17.0     3.775000e+00            11037.0                    1874.0
FANG                       209.6566            3354.505   19355.4000             1.083               17.3     3.775000e+00            73058.0                   12662.0
RICE                         0.1848               2.956      16.9650             1.089               17.4     1.509827e+03            25614.0                    4463.0
EU-TRAVEL                    2.9589              47.342     271.3000             1.091               17.5     4.272600e+01            11592.0                    2023.0
EU-FOOD                      6.6968             107.149     610.0000             1.098               17.6     4.272600e+01            26063.0                    4578.0
HANGENT_mini                90.3270            1445.232    8208.0000             1.100               17.6     9.620000e-01             7897.0                    1391.0
EU-HOUSE                    10.1163             161.860     910.7000             1.111               17.8     4.272600e+01            38911.0                    6916.0
EU-MEDIA                     4.1683              66.692     374.6000             1.113               17.8     4.272600e+01            16005.0                    2850.0
CHEESE                       0.0169               0.270       1.5150             1.115               17.8     1.509827e+04            22874.0                    4082.0
FTSECHINAA                 156.2829            2500.526   13915.0000             1.123               18.0     7.550000e-01            10505.0                    1888.0
MILKDRY                      2.2050              35.280     195.5000             1.128               18.0     3.321620e+02            64938.0                   11719.0
CHINAA-CON                  28.7463             459.941    2539.0000             1.132               18.1     1.887300e+01            47918.0                    8680.0
US-DISCRETE                 25.1852             402.963    2220.9000             1.134               18.1     7.549100e+01           167659.0                   30420.0
FTSECHINAH                 181.7262            2907.620   15450.0000             1.176               18.8     1.510000e+00            23327.0                    4390.0
FEEDCOW                      3.8544              61.670     325.9500             1.182               18.9     3.774570e+02           123032.0                   23278.0
EU-CONSTRUCTION              9.1604             146.566     770.6000             1.189               19.0     4.272600e+01            32925.0                    6262.0
NICKEL_LME                 187.7670            3004.272   15715.0000             1.195               19.1     4.529000e+00            71181.0                   13608.0
LUMBER-new                   6.3301             101.281     527.5000             1.200               19.2     2.076000e+01            10951.0                    2103.0
EU-DJ-TELECOM                4.3064              68.902     358.2000             1.202               19.2     4.272600e+01            15305.0                    2944.0
EUA                          1.0748              17.197      88.8300             1.210               19.4     8.545280e+02            75908.0                   14695.0
MSCITAIWAN                  26.3979             422.367    2179.9000             1.211               19.4     7.549100e+01           164564.0                   31885.0
TIN_LME                    662.7636           10604.217   54415.0000             1.218               19.5     3.775000e+00           205393.0                   40026.0
EU-TECH                     12.7577             204.124    1047.0000             1.219               19.5     4.272600e+01            44735.0                    8721.0
US-ENERGY                   16.1642             258.628    1320.9000             1.224               19.6     7.549100e+01            99717.0                   19524.0
EU-RETAIL                    5.6873              90.997     463.0000             1.228               19.7     4.272600e+01            19782.0                    3888.0
GICS                         9.0897             145.435     735.0500             1.237               19.8     1.887280e+02           138725.0                   27448.0
MILK                         0.2021               3.234      16.3300             1.238               19.8     1.509827e+03            24655.0                    4882.0
SUGAR_WHITE                  6.5698             105.117     526.2000             1.249               20.0     3.774600e+01            19862.0                    3968.0
MILLWHEAT                    2.9920              47.872     238.0000             1.257               20.1     4.272600e+01            10169.0                    2045.0
SOYMEAL                      4.4970              71.951     352.7000             1.275               20.4     7.549100e+01            26626.0                    5432.0
ZINC_LME                    48.9953             783.925    3745.0000             1.308               20.9     1.887300e+01            70679.0                   14795.0
NIKKEI                     903.7748           14460.396   68770.0000             1.314               21.0     4.770000e-01            32778.0                    6892.0
ALUMINIUM                   42.5301             680.481    3218.0000             1.322               21.1     1.887300e+01            60733.0                   12843.0
LEANHOG                      0.9864              15.783      74.6250             1.322               21.1     3.019650e+02            22534.0                    4766.0
EU-BANKS                     3.9417              63.068     298.1000             1.322               21.2     4.272600e+01            12737.0                    2695.0
VIX                          0.2605               4.168      19.6500             1.326               21.2     7.549140e+02            14834.0                    3147.0
FTSETAIWAN                  57.1054             913.687    4265.7500             1.339               21.4     3.019700e+01           128811.0                   27590.0
MSCIASIA                    15.3978             246.364    1147.4000             1.342               21.5     7.549100e+01            86619.0                   18598.0
V2X                          0.2678               4.285      19.9000             1.346               21.5     8.545300e+01             1701.0                     366.0
SOYOIL                       0.9125              14.600      67.6100             1.350               21.6     4.529480e+02            30624.0                    6613.0
FTSEINDO                    28.7397             459.835    2128.0000             1.351               21.6     3.775000e+00             8032.0                    1736.0
EU-AUTO                      5.6667              90.667     418.4000             1.354               21.7     4.272600e+01            17877.0                    3874.0
COAL                         1.9862              31.779     143.6000             1.383               22.1     7.549140e+02           108406.0                   23990.0
CORN_mini                    6.9572             111.315     502.2500             1.385               22.2     7.549000e+00             3792.0                     840.0
MSCIEMASIA                  16.4547             263.276    1177.7000             1.397               22.4     7.549100e+01            88906.0                   19875.0
GOLD-mini                   58.9775             943.639    4207.0000             1.402               22.4     3.774600e+01           158796.0                   35618.0
GOLD_micro                  58.9812             943.700    4206.2000             1.402               22.4     7.549000e+00            31753.0                    7124.0
GOLD                        58.9818             943.708    4204.5000             1.403               22.4     7.549100e+01           317403.0                   71242.0
RUBBER                       3.6164              57.862     255.4000             1.416               22.7     3.774600e+01             9640.0                    2184.0
CANOLA                      11.8800             190.080     832.9000             1.426               22.8     1.059600e+01             8825.0                    2014.0
COPPER                       0.0953               1.525       6.6735             1.428               22.9     1.887284e+04           125948.0                   28780.0
REDWHEAT                    10.8364             173.383     755.5000             1.434               22.9     3.774600e+01            28517.0                    6544.0
COPPER-micro                 0.0953               1.524       6.5730             1.449               23.2     1.887284e+03            12405.0                    2876.0
EU-DJ-TECH                  22.8158             365.052    1550.0000             1.472               23.6     4.272600e+01            66226.0                   15597.0
WHEY                         1.1862              18.979      79.5000             1.492               23.9     3.321620e+02            26407.0                    6304.0
COPPER-mini                  0.0984               1.575       6.5580             1.501               24.0     9.436419e+03            61884.0                   14861.0
EU-BASIC                    12.0509             192.814     796.6000             1.513               24.2     4.272600e+01            34036.0                    8238.0
HANGTECH                    64.9523            1039.237    4258.0000             1.525               24.4     4.811000e+00            20484.0                    5000.0
SUGAR11                      0.2817               4.507      18.4000             1.531               24.5     8.455030e+02            15557.0                    3811.0
COTTON2                      1.2646              20.234      82.2800             1.537               24.6     3.774570e+02            31057.0                    7637.0
WHEAT                       11.2041             179.265     681.7500             1.643               26.3     3.774600e+01            25733.0                    6766.0
OATIES                       6.7471             107.954     410.5000             1.644               26.3     3.774600e+01            15495.0                    4075.0
CRUDE_W                      1.2407              19.852      75.3600             1.646               26.3     7.549140e+02            56890.0                   14986.0
MUMMY                       13.0889             209.422     788.0000             1.661               26.6     4.766000e+00             3756.0                     998.0
WHEAT_mini                  11.3952             182.323     682.0000             1.671               26.7     7.549000e+00             5149.0                    1376.0
BUTTER                       2.4453              39.125     139.5000             1.753               28.0     1.509830e+02            21062.0                    5907.0
BRENT_W                      1.6712              26.739      94.6000             1.767               28.3     7.549140e+02            71415.0                   20186.0
COTTON                       0.0142               0.226       0.7852             1.802               28.8     3.774568e+04            29638.0                    8547.0
HEATOIL                      0.0768               1.229       4.2603             1.804               28.9     3.170637e+04           135079.0                   38981.0
GASOILINE                    0.0585               0.936       3.1759             1.842               29.5     3.170637e+04           100696.0                   29669.0
GASOILINE_ICE                0.0604               0.966       3.1182             1.936               31.0     3.170637e+04            98867.0                   30624.0
CRUDE_W_micro                1.7583              28.133      88.9000             1.978               31.6     7.549100e+01             6711.0                    2124.0
GASOIL                      25.3008             404.813    1233.5000             2.051               32.8     7.549100e+01            93119.0                   30560.0
ROBUSTA                     69.5867            1113.387    3336.0000             2.086               33.4     7.549000e+00            25184.0                    8405.0
BRENT-LAST                   2.0730              33.168      98.4100             2.107               33.7     7.549140e+02            74291.0                   25039.0
CRUDE_ICE                    1.8855              30.168      88.2200             2.137               34.2     7.549140e+02            66598.0                   22774.0
GASOILINE_micro              0.0700               1.121       3.2605             2.148               34.4     3.170637e+03            10338.0                    3553.0
COFFEE                       6.1755              98.808     277.0000             2.229               35.7     2.830930e+02            78417.0                   27972.0
HEATOIL-ICE                  0.1009               1.614       4.4602             2.262               36.2     3.170637e+04           141417.0                   51172.0
GAS_US                       0.0842               1.348       3.6770             2.291               36.7     7.549135e+03            27758.0                   10175.0
GAS-LAST                     0.0853               1.364       3.6870             2.313               37.0     7.549135e+03            27834.0                   10300.0
CRUDE_W_mini                 2.1855              34.968      90.8750             2.405               38.5     3.774570e+02            34301.0                   13199.0
PLAT                        41.9508             671.213    1726.6000             2.430               38.9     3.774600e+01            65172.0                   25335.0
BITCOIN                   2101.5843           33625.349   85630.0000             2.454               39.3     7.500000e-02             6464.0                    2538.0
KOSPI                       28.3106             452.970    1103.8000             2.565               41.0     1.387860e+02           153192.0                   62866.0
KOSPI_mini                  28.2863             452.581    1098.4800             2.575               41.2     2.775700e+01            30491.0                   12562.0
SILVER                       1.5840              25.344      61.1900             2.589               41.4     7.549140e+02            46193.0                   19133.0
VIX_mini                     0.4718               7.549      18.0700             2.611               41.8     7.549100e+01             1364.0                     570.0
KOSDAQ                      39.8449             637.519    1516.1000             2.628               42.0     5.551000e+00             8417.0                    3539.0
GAS-PEN                      0.0960               1.535       3.3700             2.847               45.6     7.549135e+03            25441.0                   11591.0
PALLAD                      35.1263             562.021    1190.0000             2.952               47.2     7.549100e+01            89835.0                   42428.0
GAS_US_mini                  0.1002               1.603       3.3050             3.032               48.5     1.887284e+03             6237.0                    3026.0
ETHEREUM                    84.3524            1349.639    2714.0000             3.108               49.7     3.774600e+01           102442.0                   50943.0
ETHER-micro                 84.9400            1359.040    2729.5000             3.112               49.8     7.500000e-02              206.0                     103.0
COCOA                      183.6127            2937.802    5557.0000             3.304               52.9     7.549000e+00            41951.0                   22178.0
COCOA_LDN                  134.0440            2144.704    4045.0000             3.314               53.0     1.000000e+01            40450.0                   21447.0
OJ                           5.9445              95.111     145.5500             4.084               65.3     1.132370e+02            16482.0                   10770.0
VNKI                         1.3454              21.526      31.0000             4.340               69.4     4.766300e+01             1478.0                    1026.0


=======================================================================================================================================================================
                                          Risk of all instruments with data - sorted by annualised currency risk per contract                                          
=======================================================================================================================================================================

                  daily_price_stdev  annual_price_stdev        price  daily_perc_stdev  annual_perc_stdev  point_size_base  contract_exposure  annual_risk_per_contract
ETHER-micro                 84.9400            1359.040    2729.5000             3.112               49.8     7.500000e-02              206.0                     103.0
CAD_micro                    0.0019               0.031       0.7053             0.276                4.4     7.549135e+03             5324.0                     235.0
GBP_micro                    0.0046               0.074       1.3195             0.352                5.6     4.718210e+03             6226.0                     351.0
V2X                          0.2678               4.285      19.9000             1.346               21.5     8.545300e+01             1701.0                     366.0
AUD_micro                    0.0031               0.050       0.6918             0.448                7.2     7.549135e+03             5222.0                     374.0
HOUSE-US                     0.1399               2.238     371.8000             0.038                0.6     1.887280e+02            70169.0                     422.0
VIX_mini                     0.4718               7.549      18.0700             2.611               41.8     7.549100e+01             1364.0                     570.0
SGD_mini                     0.0025               0.040       1.2706             0.196                3.1     1.474792e+04            18739.0                     587.0
EUR_micro                    0.0039               0.063       1.1272             0.347                5.6     9.436419e+03            10637.0                     591.0
EU-REALESTATE                1.0128              16.204     114.5000             0.885               14.2     4.272600e+01             4892.0                     692.0
CHF_micro                    0.0053               0.085       1.2129             0.439                7.0     9.436419e+03            11445.0                     805.0
CAD2                         0.0962               1.539     104.3250             0.092                1.5     5.298010e+02            55271.0                     815.0
CORN_mini                    6.9572             111.315     502.2500             1.385               22.2     7.549000e+00             3792.0                     840.0
JP-REALESTATE               11.1152             177.843    1697.5000             0.655               10.5     4.766000e+00             8091.0                     848.0
MUMMY                       13.0889             209.422     788.0000             1.661               26.6     4.766000e+00             3756.0                     998.0
VNKI                         1.3454              21.526      31.0000             4.340               69.4     4.766300e+01             1478.0                    1026.0
CNH-onshore                  0.0002               0.003       0.1492             0.119                1.9     3.774568e+05            56324.0                    1072.0
IRON                         0.8960              14.336      93.2000             0.961               15.4     7.549100e+01             7036.0                    1082.0
TWD-mini                     0.0009               0.015       0.3097             0.306                4.9     7.549135e+04            23380.0                    1145.0
KR3                          0.1301               2.081     102.3900             0.127                2.0     5.551450e+02            56841.0                    1155.0
SARONA                       0.0378               0.605      99.6650             0.038                0.6     2.256276e+03           224872.0                    1366.0
WHEAT_mini                  11.3952             182.323     682.0000             1.671               26.7     7.549000e+00             5149.0                    1376.0
HANGENT_mini                90.3270            1445.232    8208.0000             1.100               17.6     9.620000e-01             7897.0                    1391.0
KRWUSD_mini                  0.0046               0.074       0.7351             0.627               10.0     1.887284e+04            13873.0                    1392.0
BBCOMM                       1.1694              18.711     141.5900             0.826               13.2     7.549100e+01            10689.0                    1413.0
SHATZ                        0.1035               1.656     104.8700             0.099                1.6     8.545280e+02            89614.0                    1415.0
BRE                          0.0012               0.019       0.1902             0.638               10.2     7.549135e+04            14362.0                    1466.0
RUSSELL                     24.8398             397.436    2828.3000             0.878               14.1     3.775000e+00            10676.0                    1500.0
CNH                          0.0086               0.137       6.6815             0.128                2.1     1.124295e+04            75120.0                    1541.0
SOYBEAN_mini                13.4857             215.771    1300.3750             1.037               16.6     7.549000e+00             9817.0                    1629.0
SOFR                         0.0563               0.901      95.2800             0.059                0.9     1.887284e+03           179820.0                    1700.0
FTSEINDO                    28.7397             459.835    2128.0000             1.351               21.6     3.775000e+00             8032.0                    1736.0
INR                          0.2890               4.625     103.5200             0.279                4.5     3.774570e+02            39074.0                    1746.0
EPRA-EUROPE                 12.7688             204.301    1484.0000             0.860               13.8     8.545000e+00            12681.0                    1746.0
FTSEVIET                    31.0282             496.451    2924.0000             1.061               17.0     3.775000e+00            11037.0                    1874.0
FTSECHINAA                 156.2829            2500.526   13915.0000             1.123               18.0     7.550000e-01            10505.0                    1888.0
MXP                          0.0003               0.005       0.0542             0.588                9.4     3.774568e+05            20454.0                    1923.0
AEX_mini                     7.1832             114.931    1102.0000             0.652               10.4     1.709100e+01            18834.0                    1964.0
JGB-mini                     0.2583               4.133     124.3300             0.208                3.3     4.766320e+02            59260.0                    1970.0
EURIBOR-ICE                  0.0581               0.930      96.5600             0.060                1.0     2.136320e+03           206283.0                    1987.0
CANOLA                      11.8800             190.080     832.9000             1.426               22.8     1.059600e+01             8825.0                    2014.0
EUROSTX-SMALL                2.9473              47.157     390.5000             0.755               12.1     4.272600e+01            16685.0                    2015.0
EU-TRAVEL                    2.9589              47.342     271.3000             1.091               17.5     4.272600e+01            11592.0                    2023.0
BTP3                         0.1485               2.377     104.2650             0.142                2.3     8.545280e+02            89097.0                    2031.0
MILLWHEAT                    2.9920              47.872     238.0000             1.257               20.1     4.272600e+01            10169.0                    2045.0
EURIBOR                      0.0600               0.961      96.5700             0.062                1.0     2.136320e+03           206304.0                    2053.0
LUMBER-new                   6.3301             101.281     527.5000             1.200               19.2     2.076000e+01            10951.0                    2103.0
CRUDE_W_micro                1.7583              28.133      88.9000             1.978               31.6     7.549100e+01             6711.0                    2124.0
STEEL                        8.9616             143.385    1311.0000             0.684               10.9     1.509800e+01            19794.0                    2165.0
CAD5                         0.2559               4.094     110.6700             0.231                3.7     5.298010e+02            58633.0                    2169.0
RUBBER                       3.6164              57.862     255.4000             1.416               22.7     3.774600e+01             9640.0                    2184.0
JGB-SGX-mini                 0.2865               4.584     124.3200             0.230                3.7     4.766320e+02            59255.0                    2185.0
DOW                        367.1570            5874.511   51234.0000             0.717               11.5     3.770000e-01            19339.0                    2217.0
SWISSLEAD                   15.5268             248.428    2237.0000             0.694               11.1     9.025000e+00            20189.0                    2242.0
CAD                          0.0019               0.031       0.7052             0.274                4.4     7.549135e+04            53237.0                    2331.0
IBEX_mini                  170.9468            2735.149   19070.0000             0.896               14.3     8.550000e-01            16296.0                    2337.0
SGD                          0.0025               0.040       1.2778             0.196                3.1     5.899168e+04            75383.0                    2369.0
US2                          0.0984               1.574     101.8320             0.097                1.5     1.509827e+03           153749.0                    2377.0
EU-DIV30                    17.8696             285.914    2371.5000             0.754               12.1     8.545000e+00            20265.0                    2443.0
SONIA3                       0.0618               0.989      95.2150             0.065                1.0     2.500000e+03           238038.0                    2471.0
ZAR                          0.0004               0.007       0.0595             0.704               11.3     3.774568e+05            22468.0                    2529.0
BITCOIN                   2101.5843           33625.349   85630.0000             2.454               39.3     7.500000e-02             6464.0                    2538.0
FED                          0.0531               0.849      95.5150             0.056                0.9     3.145725e+03           300464.0                    2670.0
EU-BANKS                     3.9417              63.068     298.1000             1.322               21.2     4.272600e+01            12737.0                    2695.0
US5                          0.2245               3.592     103.6328             0.217                3.5     7.549140e+02            78234.0                    2711.0
JPY_mini                     0.0000               0.001       0.0064             0.575                9.2     4.718210e+06            30017.0                    2764.0
NIKKEI400                  365.3655            5845.849   36935.0000             0.989               15.8     4.770000e-01            17604.0                    2786.0
DAX                        207.1315            3314.104   25108.0000             0.825               13.2     8.550000e-01            21455.0                    2832.0
EU-MEDIA                     4.1683              66.692     374.6000             1.113               17.8     4.272600e+01            16005.0                    2850.0
COPPER-micro                 0.0953               1.524       6.5730             1.449               23.2     1.887284e+03            12405.0                    2876.0
EUROSTX200-LARGE             4.2321              67.713     662.2000             0.639               10.2     4.272600e+01            28293.0                    2893.0
TOPIX                       38.2197             611.516    4128.7500             0.926               14.8     4.766000e+00            19679.0                    2915.0
EUR_mini                     0.0039               0.062       1.1273             0.345                5.5     4.718210e+04            53188.0                    2939.0
CORN                         4.8684              77.894     517.0000             0.942               15.1     3.774600e+01            19515.0                    2940.0
EU-DJ-TELECOM                4.3064              68.902     358.2000             1.202               19.2     4.272600e+01            15305.0                    2944.0
EURO600                      4.3288              69.260     628.8000             0.688               11.0     4.272600e+01            26866.0                    2959.0
GAS_US_mini                  0.1002               1.603       3.3050             3.032               48.5     1.887284e+03             6237.0                    3026.0
WHEAT_ICE                    1.8973              30.357     214.7500             0.884               14.1     1.000000e+02            21475.0                    3036.0
VIX                          0.2605               4.168      19.6500             1.326               21.2     7.549140e+02            14834.0                    3147.0
SP500_micro                 52.1593             834.548    7728.5000             0.675               10.8     3.775000e+00            29172.0                    3150.0
EU-MID                       4.6486              74.378     665.8000             0.698               11.2     4.272600e+01            28447.0                    3178.0
EU-UTILS                     4.7098              75.357     526.1000             0.895               14.3     4.272600e+01            22478.0                    3220.0
EU-DJ-UTIL                   4.7883              76.613     551.3000             0.869               13.9     4.272600e+01            23555.0                    3273.0
EU-INSURE                    4.8292              77.267     520.2000             0.928               14.9     4.272600e+01            22226.0                    3301.0
NZD                          0.0028               0.044       0.5616             0.492                7.9     7.549135e+04            42400.0                    3341.0
BOBL                         0.2492               3.987     112.4100             0.222                3.5     8.545280e+02            96058.0                    3407.0
CAD10                        0.4117               6.587     115.6900             0.356                5.7     5.298010e+02            61293.0                    3490.0
SMI-MID                     24.3712             389.938    3035.0000             0.803               12.8     9.025000e+00            27391.0                    3519.0
GBP                          0.0047               0.075       1.3194             0.353                5.7     4.718210e+04            62252.0                    3520.0
KOSDAQ                      39.8449             637.519    1516.1000             2.628               42.0     5.551000e+00             8417.0                    3539.0
GASOILINE_micro              0.0700               1.121       3.2605             2.148               34.4     3.170637e+03            10338.0                    3553.0
EU-OIL                       5.2316              83.706     546.1000             0.958               15.3     4.272600e+01            23333.0                    3576.0
GBPEUR                       0.0018               0.029       0.8540             0.210                3.4     1.250000e+05           106756.0                    3581.0
EUROSTX-LARGE                5.2907              84.652     691.6000             0.765               12.2     4.272600e+01            29550.0                    3617.0
US-REALESTATE                3.0340              48.543     358.9000             0.845               13.5     7.549100e+01            27094.0                    3665.0
US3                          0.1525               2.440     102.5703             0.149                2.4     1.509827e+03           154863.0                    3684.0
AUD                          0.0031               0.049       0.6918             0.446                7.1     7.549135e+04            52225.0                    3723.0
HANG_mini                  243.2294            3891.670   24592.0000             0.989               15.8     9.620000e-01            23661.0                    3744.0
KR10                         0.4222               6.755     104.2800             0.405                6.5     5.551450e+02            57890.0                    3750.0
MSCISING                     4.0171              64.274     532.9500             0.754               12.1     5.899200e+01            31440.0                    3792.0
SUGAR11                      0.2817               4.507      18.4000             1.531               24.5     8.455030e+02            15557.0                    3811.0
EU-AUTO                      5.6667              90.667     418.4000             1.354               21.7     4.272600e+01            17877.0                    3874.0
EU-RETAIL                    5.6873              90.997     463.0000             1.228               19.7     4.272600e+01            19782.0                    3888.0
US10                         0.3260               5.215     104.6250             0.312                5.0     7.549140e+02            78983.0                    3937.0
SUGAR_WHITE                  6.5698             105.117     526.2000             1.249               20.0     3.774600e+01            19862.0                    3968.0
DX                           0.3350               5.360     101.9050             0.329                5.3     7.549140e+02            76929.0                    4046.0
EU-DJ-OIL                    5.9288              94.861     596.5000             0.994               15.9     4.272600e+01            25486.0                    4053.0
HIGHYIELD                    0.3368               5.388     183.5000             0.184                2.9     7.549140e+02           138527.0                    4068.0
OATIES                       6.7471             107.954     410.5000             1.644               26.3     3.774600e+01            15495.0                    4075.0
CHEESE                       0.0169               0.270       1.5150             1.115               17.8     1.509827e+04            22874.0                    4082.0
MSCIWORLD                   33.9481             543.170    4919.5000             0.690               11.0     7.549000e+00            37138.0                    4100.0
FTSECHINAH                 181.7262            2907.620   15450.0000             1.176               18.8     1.510000e+00            23327.0                    4390.0
RICE                         0.1848               2.956      16.9650             1.089               17.4     1.509827e+03            25614.0                    4463.0
EU-FOOD                      6.6968             107.149     610.0000             1.098               17.6     4.272600e+01            26063.0                    4578.0
CLP                          0.0000               0.000       0.0010             0.745               11.9     3.774568e+07            38765.0                    4623.0
EURCAD                       0.0044               0.070       1.5999             0.274                4.4     6.622513e+04           105954.0                    4646.0
MILKWET                      0.1927               3.083      19.6000             0.983               15.7     1.509827e+03            29593.0                    4654.0
TWD                          0.1305               2.087      31.3250             0.416                6.7     2.264741e+03            70943.0                    4727.0
LEANHOG                      0.9864              15.783      74.6250             1.322               21.1     3.019650e+02            22534.0                    4766.0
LEAD_LME                    16.0337             256.540    1856.0000             0.864               13.8     1.887300e+01            35028.0                    4842.0
MILK                         0.2021               3.234      16.3300             1.238               19.8     1.509827e+03            24655.0                    4882.0
US10U                        0.4067               6.507     105.4062             0.386                6.2     7.549140e+02            79573.0                    4912.0
HANGTECH                    64.9523            1039.237    4258.0000             1.525               24.4     4.811000e+00            20484.0                    5000.0
SUGAR16                      0.3740               5.984      40.1000             0.933               14.9     8.455030e+02            33905.0                    5059.0
CH10                         0.3523               5.637     104.1000             0.338                5.4     9.025100e+02            93951.0                    5087.0
BUND                         0.3946               6.314     120.2500             0.328                5.3     8.545280e+02           102757.0                    5395.0
SOYMEAL                      4.4970              71.951     352.7000             1.275               20.4     7.549100e+01            26626.0                    5432.0
JPY                          0.0000               0.001       0.0064             0.575                9.2     9.436419e+06            60039.0                    5525.0
IG                           0.4642               7.427     146.3200             0.317                5.1     7.549140e+02           110459.0                    5607.0
FTSE250                    180.4571            2887.314   24210.0000             0.745               11.9     2.000000e+00            48420.0                    5775.0
EURAUD                       0.0056               0.089       1.6298             0.341                5.5     6.556094e+04           106851.0                    5826.0
EUR                          0.0039               0.062       1.1272             0.346                5.5     9.436419e+04           106367.0                    5896.0
BUTTER                       2.4453              39.125     139.5000             1.753               28.0     1.509830e+02            21062.0                    5907.0
BONO                         0.4331               6.929     114.9400             0.377                6.0     8.545280e+02            98219.0                    5921.0
EURCHF                       0.0033               0.053       0.9295             0.355                5.7     1.128138e+05           104860.0                    5964.0
SOYBEAN                     10.0956             161.529    1254.7500             0.805               12.9     3.774600e+01            47361.0                    6097.0
EU-CONSTRUCTION              9.1604             146.566     770.6000             1.189               19.0     4.272600e+01            32925.0                    6262.0
WHEY                         1.1862              18.979      79.5000             1.492               23.9     3.321620e+02            26407.0                    6304.0
OAT                          0.4768               7.628     108.3000             0.440                7.0     8.545280e+02            92545.0                    6518.0
REDWHEAT                    10.8364             173.383     755.5000             1.434               22.9     3.774600e+01            28517.0                    6544.0
SOYOIL                       0.9125              14.600      67.6100             1.350               21.6     4.529480e+02            30624.0                    6613.0
BTP                          0.4872               7.795     109.6500             0.444                7.1     8.545280e+02            93699.0                    6661.0
HANGENT                     87.0233            1392.373    8208.0000             1.060               17.0     4.811000e+00            39487.0                    6698.0
WHEAT                       11.2041             179.265     681.7500             1.643               26.3     3.774600e+01            25733.0                    6766.0
NIKKEI                     903.7748           14460.396   68770.0000             1.314               21.0     4.770000e-01            32778.0                    6892.0
EU-HOUSE                    10.1163             161.860     910.7000             1.111               17.8     4.272600e+01            38911.0                    6916.0
KRWUSD                       0.0000               0.000       0.0007             0.637               10.2     9.436419e+07            69131.0                    7045.0
EUROSTX                     51.7095             827.352    6200.0000             0.834               13.3     8.545000e+00            52981.0                    7070.0
GOLD_micro                  58.9812             943.700    4206.2000             1.402               22.4     7.549000e+00            31753.0                    7124.0
GBPCHF                       0.0040               0.064       1.0894             0.366                5.9     1.128138e+05           122899.0                    7196.0
NASDAQ_micro               307.1744            4914.790   30799.5000             0.997               16.0     1.510000e+00            46502.0                    7420.0
US20                         0.6159               9.855     103.0000             0.598                9.6     7.549140e+02            77756.0                    7440.0
EU-HEALTH                   10.9066             174.506    1095.9000             0.995               15.9     4.272600e+01            46824.0                    7456.0
COTTON2                      1.2646              20.234      82.2800             1.537               24.6     3.774570e+02            31057.0                    7637.0
YENEUR                       0.8149              13.038     177.1200             0.460                7.4     5.957900e+02           105526.0                    7768.0
OMX                         56.9093             910.548    6448.5000             0.883               14.1     8.545000e+00            55104.0                    7781.0
EU-CHEM                     11.4287             182.859    1260.1000             0.907               14.5     4.272600e+01            53840.0                    7813.0
GILT                         0.4923               7.877      83.6900             0.588                9.4     1.000000e+03            83690.0                    7877.0
PLN                          0.0013               0.021       0.2570             0.511                8.2     3.774568e+05            96991.0                    7932.0
CHF                          0.0053               0.086       1.2133             0.441                7.1     9.436419e+04           114492.0                    8074.0
EU-BASIC                    12.0509             192.814     796.6000             1.513               24.2     4.272600e+01            34036.0                    8238.0
ROBUSTA                     69.5867            1113.387    3336.0000             2.086               33.4     7.549000e+00            25184.0                    8405.0
US-STAPLES                   7.0676             113.081     818.1000             0.864               13.8     7.549100e+01            61759.0                    8537.0
COTTON                       0.0142               0.226       0.7852             1.802               28.8     3.774568e+04            29638.0                    8547.0
CZK                          0.0002               0.003       0.0464             0.383                6.1     3.019654e+06           140233.0                    8583.0
R1000                       14.2438             227.901    2455.0000             0.580                9.3     3.774600e+01            92666.0                    8602.0
CHINAA-CON                  28.7463             459.941    2539.0000             1.132               18.1     1.887300e+01            47918.0                    8680.0
EU-TECH                     12.7577             204.124    1047.0000             1.219               19.5     4.272600e+01            44735.0                    8721.0
CAC                         63.9810            1023.696    7838.5000             0.816               13.1     8.545000e+00            66982.0                    8748.0
US30                         0.7247              11.595     104.0000             0.697               11.1     7.549140e+02            78511.0                    8753.0
AUDJPY                       0.5805               9.288     108.5400             0.535                8.6     9.532640e+02           103467.0                    8854.0
BUXL                         0.6624              10.599     100.7000             0.658               10.5     8.545280e+02            86051.0                    9057.0
ALUMINIUM_LME               30.1248             481.996    3135.0000             0.961               15.4     1.887300e+01            59166.0                    9097.0
US-UTILS                     7.8179             125.087     803.2000             0.973               15.6     7.549100e+01            60635.0                    9443.0
GBPJPY                       1.0037              16.059     207.4600             0.484                7.7     5.957900e+02           123603.0                    9568.0
GAS_US                       0.0842               1.348       3.6770             2.291               36.7     7.549135e+03            27758.0                   10175.0
GAS-LAST                     0.0853               1.364       3.6870             2.313               37.0     7.549135e+03            27834.0                   10300.0
OJ                           5.9445              95.111     145.5500             4.084               65.3     1.132370e+02            16482.0                   10770.0
LIVECOW                      2.2913              36.661     225.6000             1.016               16.3     3.019650e+02            68123.0                   11071.0
NOK                          0.0005               0.007       0.1037             0.447                7.2     1.509827e+06           156569.0                   11204.0
GAS-PEN                      0.0960               1.535       3.3700             2.847               45.6     7.549135e+03            25441.0                   11591.0
FTSE100                     73.0343            1168.549   10481.0000             0.697               11.1     1.000000e+01           104810.0                   11685.0
MILKDRY                      2.2050              35.280     195.5000             1.128               18.0     3.321620e+02            64938.0                   11719.0
SEK                          0.0005               0.008       0.0998             0.498                8.0     1.509827e+06           150718.0                   12018.0
KOSPI_mini                  28.2863             452.581    1098.4800             2.575               41.2     2.775700e+01            30491.0                   12562.0
US-MATERIAL                 10.4268             166.829    1038.3000             1.004               16.1     7.549100e+01            78383.0                   12594.0
FANG                       209.6566            3354.505   19355.4000             1.083               17.3     3.775000e+00            73058.0                   12662.0
ALUMINIUM                   42.5301             680.481    3218.0000             1.322               21.1     1.887300e+01            60733.0                   12843.0
SPI200                      62.7810            1004.497    8648.0000             0.726               11.6     1.311200e+01           113394.0                   13171.0
CRUDE_W_mini                 2.1855              34.968      90.8750             2.405               38.5     3.774570e+02            34301.0                   13199.0
NICKEL_LME                 187.7670            3004.272   15715.0000             1.195               19.1     4.529000e+00            71181.0                   13608.0
EUA                          1.0748              17.197      88.8300             1.210               19.4     8.545280e+02            75908.0                   14695.0
ZINC_LME                    48.9953             783.925    3745.0000             1.308               20.9     1.887300e+01            70679.0                   14795.0
COPPER-mini                  0.0984               1.575       6.5580             1.501               24.0     9.436419e+03            61884.0                   14861.0
CRUDE_W                      1.2407              19.852      75.3600             1.646               26.3     7.549140e+02            56890.0                   14986.0
RUSSELL_mini                24.8474             397.558    2829.1000             0.878               14.1     3.774600e+01           106786.0                   15006.0
SMI                        106.2011            1699.217   13627.0000             0.779               12.5     9.025000e+00           122985.0                   15336.0
EU-DJ-TECH                  22.8158             365.052    1550.0000             1.472               23.6     4.272600e+01            66226.0                   15597.0
MSCIEAFA                    26.5133             424.214    3094.9000             0.857               13.7     3.774600e+01           116819.0                   16012.0
CHFJPY                       0.9523              15.237     190.1700             0.501                8.0     1.191580e+03           226603.0                   18157.0
US-HEALTH                   15.2062             243.299    1695.6000             0.897               14.3     7.549100e+01           128003.0                   18367.0
MSCIASIA                    15.3978             246.364    1147.4000             1.342               21.5     7.549100e+01            86619.0                   18598.0
HANG                       242.8750            3885.999   24592.0000             0.988               15.8     4.811000e+00           118306.0                   18695.0
COAL-GEORDIE                 1.5479              24.767     149.0000             1.039               16.6     7.549140e+02           112482.0                   18697.0
US-INDUSTRY                 15.5858             249.372    1708.4000             0.912               14.6     7.549100e+01           128969.0                   18825.0
SILVER                       1.5840              25.344      61.1900             2.589               41.4     7.549140e+02            46193.0                   19133.0
US-ENERGY                   16.1642             258.628    1320.9000             1.224               19.6     7.549100e+01            99717.0                   19524.0
JGB                          0.2565               4.104     124.3200             0.206                3.3     4.766320e+03           592549.0                   19561.0
MSCIEMASIA                  16.4547             263.276    1177.7000             1.397               22.4     7.549100e+01            88906.0                   19875.0
AEX                          7.2882             116.610    1103.4000             0.661               10.6     1.709060e+02           188577.0                   19929.0
BRENT_W                      1.6712              26.739      94.6000             1.767               28.3     7.549140e+02            71415.0                   20186.0
IRS                          0.0018               0.028       0.3259             0.542                8.7     7.549135e+05           246057.0                   21357.0
COCOA_LDN                  134.0440            2144.704    4045.0000             3.314               53.0     1.000000e+01            40450.0                   21447.0
BOVESPA                   1801.2716           28820.345  187415.0000             0.961               15.4     7.550000e-01           141482.0                   21757.0
DOW_mini                   366.9917            5871.867   51241.0000             0.716               11.5     3.775000e+00           193413.0                   22164.0
COCOA                      183.6127            2937.802    5557.0000             3.304               52.9     7.549000e+00            41951.0                   22178.0
CRUDE_ICE                    1.8855              30.168      88.2200             2.137               34.2     7.549140e+02            66598.0                   22774.0
IBEX                       168.8860            2702.176   19097.0000             0.884               14.1     8.545000e+00           163189.0                   23091.0
FEEDCOW                      3.8544              61.670     325.9500             1.182               18.9     3.774570e+02           123032.0                   23278.0
COAL                         1.9862              31.779     143.6000             1.383               22.1     7.549140e+02           108406.0                   23990.0
BRENT-LAST                   2.0730              33.168      98.4100             2.107               33.7     7.549140e+02            74291.0                   25039.0
PLAT                        41.9508             671.213    1726.6000             2.430               38.9     3.774600e+01            65172.0                   25335.0
GICS                         9.0897             145.435     735.0500             1.237               19.8     1.887280e+02           138725.0                   27448.0
FTSETAIWAN                  57.1054             913.687    4265.7500             1.339               21.4     3.019700e+01           128811.0                   27590.0
COFFEE                       6.1755              98.808     277.0000             2.229               35.7     2.830930e+02            78417.0                   27972.0
COPPER                       0.0953               1.525       6.6735             1.428               22.9     1.887284e+04           125948.0                   28780.0
GASOILINE                    0.0585               0.936       3.1759             1.842               29.5     3.170637e+04           100696.0                   29669.0
US-DISCRETE                 25.1852             402.963    2220.9000             1.134               18.1     7.549100e+01           167659.0                   30420.0
GASOIL                      25.3008             404.813    1233.5000             2.051               32.8     7.549100e+01            93119.0                   30560.0
GASOILINE_ICE                0.0604               0.966       3.1182             1.936               31.0     3.170637e+04            98867.0                   30624.0
SP500                       52.0128             832.205    7730.5000             0.673               10.8     3.774600e+01           291793.0                   31412.0
MIB                        461.5271            7384.433   50200.0000             0.919               14.7     4.273000e+00           214487.0                   31551.0
MSCITAIWAN                  26.3979             422.367    2179.9000             1.211               19.4     7.549100e+01           164564.0                   31885.0
SP400                       28.6835             458.936    3658.4000             0.784               12.5     7.549100e+01           276178.0                   34646.0
GOLD-mini                   58.9775             943.639    4207.0000             1.402               22.4     3.774600e+01           158796.0                   35618.0
HEATOIL                      0.0768               1.229       4.2603             1.804               28.9     3.170637e+04           135079.0                   38981.0
TIN_LME                    662.7636           10604.217   54415.0000             1.218               19.5     3.775000e+00           205393.0                   40026.0
PALLAD                      35.1263             562.021    1190.0000             2.952               47.2     7.549100e+01            89835.0                   42428.0
COPPER_LME                 145.4959            2327.935   14324.5000             1.016               16.3     1.887300e+01           270344.0                   43935.0
ETHEREUM                    84.3524            1349.639    2714.0000             3.108               49.7     3.774600e+01           102442.0                   50943.0
HEATOIL-ICE                  0.1009               1.614       4.4602             2.262               36.2     3.170637e+04           141417.0                   51172.0
KOSPI                       28.3106             452.970    1103.8000             2.565               41.0     1.387860e+02           153192.0                   62866.0
GOLD                        58.9818             943.708    4204.5000             1.403               22.4     7.549100e+01           317403.0                   71242.0
NASDAQ                     307.9142            4926.627   30799.2500             1.000               16.0     1.509800e+01           465015.0                   74384.0


=======================================================================================================================================================================
                                             Risk of all instruments with data - sorted by notional exposure per contract                                              
=======================================================================================================================================================================

                  daily_price_stdev  annual_price_stdev        price  daily_perc_stdev  annual_perc_stdev  point_size_base  contract_exposure  annual_risk_per_contract
ETHER-micro                 84.9400            1359.040    2729.5000             3.112               49.8     7.500000e-02              206.0                     103.0
VIX_mini                     0.4718               7.549      18.0700             2.611               41.8     7.549100e+01             1364.0                     570.0
VNKI                         1.3454              21.526      31.0000             4.340               69.4     4.766300e+01             1478.0                    1026.0
V2X                          0.2678               4.285      19.9000             1.346               21.5     8.545300e+01             1701.0                     366.0
MUMMY                       13.0889             209.422     788.0000             1.661               26.6     4.766000e+00             3756.0                     998.0
CORN_mini                    6.9572             111.315     502.2500             1.385               22.2     7.549000e+00             3792.0                     840.0
EU-REALESTATE                1.0128              16.204     114.5000             0.885               14.2     4.272600e+01             4892.0                     692.0
WHEAT_mini                  11.3952             182.323     682.0000             1.671               26.7     7.549000e+00             5149.0                    1376.0
AUD_micro                    0.0031               0.050       0.6918             0.448                7.2     7.549135e+03             5222.0                     374.0
CAD_micro                    0.0019               0.031       0.7053             0.276                4.4     7.549135e+03             5324.0                     235.0
GBP_micro                    0.0046               0.074       1.3195             0.352                5.6     4.718210e+03             6226.0                     351.0
GAS_US_mini                  0.1002               1.603       3.3050             3.032               48.5     1.887284e+03             6237.0                    3026.0
BITCOIN                   2101.5843           33625.349   85630.0000             2.454               39.3     7.500000e-02             6464.0                    2538.0
CRUDE_W_micro                1.7583              28.133      88.9000             1.978               31.6     7.549100e+01             6711.0                    2124.0
IRON                         0.8960              14.336      93.2000             0.961               15.4     7.549100e+01             7036.0                    1082.0
HANGENT_mini                90.3270            1445.232    8208.0000             1.100               17.6     9.620000e-01             7897.0                    1391.0
FTSEINDO                    28.7397             459.835    2128.0000             1.351               21.6     3.775000e+00             8032.0                    1736.0
JP-REALESTATE               11.1152             177.843    1697.5000             0.655               10.5     4.766000e+00             8091.0                     848.0
KOSDAQ                      39.8449             637.519    1516.1000             2.628               42.0     5.551000e+00             8417.0                    3539.0
CANOLA                      11.8800             190.080     832.9000             1.426               22.8     1.059600e+01             8825.0                    2014.0
RUBBER                       3.6164              57.862     255.4000             1.416               22.7     3.774600e+01             9640.0                    2184.0
SOYBEAN_mini                13.4857             215.771    1300.3750             1.037               16.6     7.549000e+00             9817.0                    1629.0
MILLWHEAT                    2.9920              47.872     238.0000             1.257               20.1     4.272600e+01            10169.0                    2045.0
GASOILINE_micro              0.0700               1.121       3.2605             2.148               34.4     3.170637e+03            10338.0                    3553.0
FTSECHINAA                 156.2829            2500.526   13915.0000             1.123               18.0     7.550000e-01            10505.0                    1888.0
EUR_micro                    0.0039               0.063       1.1272             0.347                5.6     9.436419e+03            10637.0                     591.0
RUSSELL                     24.8398             397.436    2828.3000             0.878               14.1     3.775000e+00            10676.0                    1500.0
BBCOMM                       1.1694              18.711     141.5900             0.826               13.2     7.549100e+01            10689.0                    1413.0
LUMBER-new                   6.3301             101.281     527.5000             1.200               19.2     2.076000e+01            10951.0                    2103.0
FTSEVIET                    31.0282             496.451    2924.0000             1.061               17.0     3.775000e+00            11037.0                    1874.0
CHF_micro                    0.0053               0.085       1.2129             0.439                7.0     9.436419e+03            11445.0                     805.0
EU-TRAVEL                    2.9589              47.342     271.3000             1.091               17.5     4.272600e+01            11592.0                    2023.0
COPPER-micro                 0.0953               1.524       6.5730             1.449               23.2     1.887284e+03            12405.0                    2876.0
EPRA-EUROPE                 12.7688             204.301    1484.0000             0.860               13.8     8.545000e+00            12681.0                    1746.0
EU-BANKS                     3.9417              63.068     298.1000             1.322               21.2     4.272600e+01            12737.0                    2695.0
KRWUSD_mini                  0.0046               0.074       0.7351             0.627               10.0     1.887284e+04            13873.0                    1392.0
BRE                          0.0012               0.019       0.1902             0.638               10.2     7.549135e+04            14362.0                    1466.0
VIX                          0.2605               4.168      19.6500             1.326               21.2     7.549140e+02            14834.0                    3147.0
EU-DJ-TELECOM                4.3064              68.902     358.2000             1.202               19.2     4.272600e+01            15305.0                    2944.0
OATIES                       6.7471             107.954     410.5000             1.644               26.3     3.774600e+01            15495.0                    4075.0
SUGAR11                      0.2817               4.507      18.4000             1.531               24.5     8.455030e+02            15557.0                    3811.0
EU-MEDIA                     4.1683              66.692     374.6000             1.113               17.8     4.272600e+01            16005.0                    2850.0
IBEX_mini                  170.9468            2735.149   19070.0000             0.896               14.3     8.550000e-01            16296.0                    2337.0
OJ                           5.9445              95.111     145.5500             4.084               65.3     1.132370e+02            16482.0                   10770.0
EUROSTX-SMALL                2.9473              47.157     390.5000             0.755               12.1     4.272600e+01            16685.0                    2015.0
NIKKEI400                  365.3655            5845.849   36935.0000             0.989               15.8     4.770000e-01            17604.0                    2786.0
EU-AUTO                      5.6667              90.667     418.4000             1.354               21.7     4.272600e+01            17877.0                    3874.0
SGD_mini                     0.0025               0.040       1.2706             0.196                3.1     1.474792e+04            18739.0                     587.0
AEX_mini                     7.1832             114.931    1102.0000             0.652               10.4     1.709100e+01            18834.0                    1964.0
DOW                        367.1570            5874.511   51234.0000             0.717               11.5     3.770000e-01            19339.0                    2217.0
CORN                         4.8684              77.894     517.0000             0.942               15.1     3.774600e+01            19515.0                    2940.0
TOPIX                       38.2197             611.516    4128.7500             0.926               14.8     4.766000e+00            19679.0                    2915.0
EU-RETAIL                    5.6873              90.997     463.0000             1.228               19.7     4.272600e+01            19782.0                    3888.0
STEEL                        8.9616             143.385    1311.0000             0.684               10.9     1.509800e+01            19794.0                    2165.0
SUGAR_WHITE                  6.5698             105.117     526.2000             1.249               20.0     3.774600e+01            19862.0                    3968.0
SWISSLEAD                   15.5268             248.428    2237.0000             0.694               11.1     9.025000e+00            20189.0                    2242.0
EU-DIV30                    17.8696             285.914    2371.5000             0.754               12.1     8.545000e+00            20265.0                    2443.0
MXP                          0.0003               0.005       0.0542             0.588                9.4     3.774568e+05            20454.0                    1923.0
HANGTECH                    64.9523            1039.237    4258.0000             1.525               24.4     4.811000e+00            20484.0                    5000.0
BUTTER                       2.4453              39.125     139.5000             1.753               28.0     1.509830e+02            21062.0                    5907.0
DAX                        207.1315            3314.104   25108.0000             0.825               13.2     8.550000e-01            21455.0                    2832.0
WHEAT_ICE                    1.8973              30.357     214.7500             0.884               14.1     1.000000e+02            21475.0                    3036.0
EU-INSURE                    4.8292              77.267     520.2000             0.928               14.9     4.272600e+01            22226.0                    3301.0
ZAR                          0.0004               0.007       0.0595             0.704               11.3     3.774568e+05            22468.0                    2529.0
EU-UTILS                     4.7098              75.357     526.1000             0.895               14.3     4.272600e+01            22478.0                    3220.0
LEANHOG                      0.9864              15.783      74.6250             1.322               21.1     3.019650e+02            22534.0                    4766.0
CHEESE                       0.0169               0.270       1.5150             1.115               17.8     1.509827e+04            22874.0                    4082.0
FTSECHINAH                 181.7262            2907.620   15450.0000             1.176               18.8     1.510000e+00            23327.0                    4390.0
EU-OIL                       5.2316              83.706     546.1000             0.958               15.3     4.272600e+01            23333.0                    3576.0
TWD-mini                     0.0009               0.015       0.3097             0.306                4.9     7.549135e+04            23380.0                    1145.0
EU-DJ-UTIL                   4.7883              76.613     551.3000             0.869               13.9     4.272600e+01            23555.0                    3273.0
HANG_mini                  243.2294            3891.670   24592.0000             0.989               15.8     9.620000e-01            23661.0                    3744.0
MILK                         0.2021               3.234      16.3300             1.238               19.8     1.509827e+03            24655.0                    4882.0
ROBUSTA                     69.5867            1113.387    3336.0000             2.086               33.4     7.549000e+00            25184.0                    8405.0
GAS-PEN                      0.0960               1.535       3.3700             2.847               45.6     7.549135e+03            25441.0                   11591.0
EU-DJ-OIL                    5.9288              94.861     596.5000             0.994               15.9     4.272600e+01            25486.0                    4053.0
RICE                         0.1848               2.956      16.9650             1.089               17.4     1.509827e+03            25614.0                    4463.0
WHEAT                       11.2041             179.265     681.7500             1.643               26.3     3.774600e+01            25733.0                    6766.0
EU-FOOD                      6.6968             107.149     610.0000             1.098               17.6     4.272600e+01            26063.0                    4578.0
WHEY                         1.1862              18.979      79.5000             1.492               23.9     3.321620e+02            26407.0                    6304.0
SOYMEAL                      4.4970              71.951     352.7000             1.275               20.4     7.549100e+01            26626.0                    5432.0
EURO600                      4.3288              69.260     628.8000             0.688               11.0     4.272600e+01            26866.0                    2959.0
US-REALESTATE                3.0340              48.543     358.9000             0.845               13.5     7.549100e+01            27094.0                    3665.0
SMI-MID                     24.3712             389.938    3035.0000             0.803               12.8     9.025000e+00            27391.0                    3519.0
GAS_US                       0.0842               1.348       3.6770             2.291               36.7     7.549135e+03            27758.0                   10175.0
GAS-LAST                     0.0853               1.364       3.6870             2.313               37.0     7.549135e+03            27834.0                   10300.0
EUROSTX200-LARGE             4.2321              67.713     662.2000             0.639               10.2     4.272600e+01            28293.0                    2893.0
EU-MID                       4.6486              74.378     665.8000             0.698               11.2     4.272600e+01            28447.0                    3178.0
REDWHEAT                    10.8364             173.383     755.5000             1.434               22.9     3.774600e+01            28517.0                    6544.0
SP500_micro                 52.1593             834.548    7728.5000             0.675               10.8     3.775000e+00            29172.0                    3150.0
EUROSTX-LARGE                5.2907              84.652     691.6000             0.765               12.2     4.272600e+01            29550.0                    3617.0
MILKWET                      0.1927               3.083      19.6000             0.983               15.7     1.509827e+03            29593.0                    4654.0
COTTON                       0.0142               0.226       0.7852             1.802               28.8     3.774568e+04            29638.0                    8547.0
JPY_mini                     0.0000               0.001       0.0064             0.575                9.2     4.718210e+06            30017.0                    2764.0
KOSPI_mini                  28.2863             452.581    1098.4800             2.575               41.2     2.775700e+01            30491.0                   12562.0
SOYOIL                       0.9125              14.600      67.6100             1.350               21.6     4.529480e+02            30624.0                    6613.0
COTTON2                      1.2646              20.234      82.2800             1.537               24.6     3.774570e+02            31057.0                    7637.0
MSCISING                     4.0171              64.274     532.9500             0.754               12.1     5.899200e+01            31440.0                    3792.0
GOLD_micro                  58.9812             943.700    4206.2000             1.402               22.4     7.549000e+00            31753.0                    7124.0
NIKKEI                     903.7748           14460.396   68770.0000             1.314               21.0     4.770000e-01            32778.0                    6892.0
EU-CONSTRUCTION              9.1604             146.566     770.6000             1.189               19.0     4.272600e+01            32925.0                    6262.0
SUGAR16                      0.3740               5.984      40.1000             0.933               14.9     8.455030e+02            33905.0                    5059.0
EU-BASIC                    12.0509             192.814     796.6000             1.513               24.2     4.272600e+01            34036.0                    8238.0
CRUDE_W_mini                 2.1855              34.968      90.8750             2.405               38.5     3.774570e+02            34301.0                   13199.0
LEAD_LME                    16.0337             256.540    1856.0000             0.864               13.8     1.887300e+01            35028.0                    4842.0
MSCIWORLD                   33.9481             543.170    4919.5000             0.690               11.0     7.549000e+00            37138.0                    4100.0
CLP                          0.0000               0.000       0.0010             0.745               11.9     3.774568e+07            38765.0                    4623.0
EU-HOUSE                    10.1163             161.860     910.7000             1.111               17.8     4.272600e+01            38911.0                    6916.0
INR                          0.2890               4.625     103.5200             0.279                4.5     3.774570e+02            39074.0                    1746.0
HANGENT                     87.0233            1392.373    8208.0000             1.060               17.0     4.811000e+00            39487.0                    6698.0
COCOA_LDN                  134.0440            2144.704    4045.0000             3.314               53.0     1.000000e+01            40450.0                   21447.0
COCOA                      183.6127            2937.802    5557.0000             3.304               52.9     7.549000e+00            41951.0                   22178.0
NZD                          0.0028               0.044       0.5616             0.492                7.9     7.549135e+04            42400.0                    3341.0
EU-TECH                     12.7577             204.124    1047.0000             1.219               19.5     4.272600e+01            44735.0                    8721.0
SILVER                       1.5840              25.344      61.1900             2.589               41.4     7.549140e+02            46193.0                   19133.0
NASDAQ_micro               307.1744            4914.790   30799.5000             0.997               16.0     1.510000e+00            46502.0                    7420.0
EU-HEALTH                   10.9066             174.506    1095.9000             0.995               15.9     4.272600e+01            46824.0                    7456.0
SOYBEAN                     10.0956             161.529    1254.7500             0.805               12.9     3.774600e+01            47361.0                    6097.0
CHINAA-CON                  28.7463             459.941    2539.0000             1.132               18.1     1.887300e+01            47918.0                    8680.0
FTSE250                    180.4571            2887.314   24210.0000             0.745               11.9     2.000000e+00            48420.0                    5775.0
AUD                          0.0031               0.049       0.6918             0.446                7.1     7.549135e+04            52225.0                    3723.0
EUROSTX                     51.7095             827.352    6200.0000             0.834               13.3     8.545000e+00            52981.0                    7070.0
EUR_mini                     0.0039               0.062       1.1273             0.345                5.5     4.718210e+04            53188.0                    2939.0
CAD                          0.0019               0.031       0.7052             0.274                4.4     7.549135e+04            53237.0                    2331.0
EU-CHEM                     11.4287             182.859    1260.1000             0.907               14.5     4.272600e+01            53840.0                    7813.0
OMX                         56.9093             910.548    6448.5000             0.883               14.1     8.545000e+00            55104.0                    7781.0
CAD2                         0.0962               1.539     104.3250             0.092                1.5     5.298010e+02            55271.0                     815.0
CNH-onshore                  0.0002               0.003       0.1492             0.119                1.9     3.774568e+05            56324.0                    1072.0
KR3                          0.1301               2.081     102.3900             0.127                2.0     5.551450e+02            56841.0                    1155.0
CRUDE_W                      1.2407              19.852      75.3600             1.646               26.3     7.549140e+02            56890.0                   14986.0
KR10                         0.4222               6.755     104.2800             0.405                6.5     5.551450e+02            57890.0                    3750.0
CAD5                         0.2559               4.094     110.6700             0.231                3.7     5.298010e+02            58633.0                    2169.0
ALUMINIUM_LME               30.1248             481.996    3135.0000             0.961               15.4     1.887300e+01            59166.0                    9097.0
JGB-SGX-mini                 0.2865               4.584     124.3200             0.230                3.7     4.766320e+02            59255.0                    2185.0
JGB-mini                     0.2583               4.133     124.3300             0.208                3.3     4.766320e+02            59260.0                    1970.0
JPY                          0.0000               0.001       0.0064             0.575                9.2     9.436419e+06            60039.0                    5525.0
US-UTILS                     7.8179             125.087     803.2000             0.973               15.6     7.549100e+01            60635.0                    9443.0
ALUMINIUM                   42.5301             680.481    3218.0000             1.322               21.1     1.887300e+01            60733.0                   12843.0
CAD10                        0.4117               6.587     115.6900             0.356                5.7     5.298010e+02            61293.0                    3490.0
US-STAPLES                   7.0676             113.081     818.1000             0.864               13.8     7.549100e+01            61759.0                    8537.0
COPPER-mini                  0.0984               1.575       6.5580             1.501               24.0     9.436419e+03            61884.0                   14861.0
GBP                          0.0047               0.075       1.3194             0.353                5.7     4.718210e+04            62252.0                    3520.0
MILKDRY                      2.2050              35.280     195.5000             1.128               18.0     3.321620e+02            64938.0                   11719.0
PLAT                        41.9508             671.213    1726.6000             2.430               38.9     3.774600e+01            65172.0                   25335.0
EU-DJ-TECH                  22.8158             365.052    1550.0000             1.472               23.6     4.272600e+01            66226.0                   15597.0
CRUDE_ICE                    1.8855              30.168      88.2200             2.137               34.2     7.549140e+02            66598.0                   22774.0
CAC                         63.9810            1023.696    7838.5000             0.816               13.1     8.545000e+00            66982.0                    8748.0
LIVECOW                      2.2913              36.661     225.6000             1.016               16.3     3.019650e+02            68123.0                   11071.0
KRWUSD                       0.0000               0.000       0.0007             0.637               10.2     9.436419e+07            69131.0                    7045.0
HOUSE-US                     0.1399               2.238     371.8000             0.038                0.6     1.887280e+02            70169.0                     422.0
ZINC_LME                    48.9953             783.925    3745.0000             1.308               20.9     1.887300e+01            70679.0                   14795.0
TWD                          0.1305               2.087      31.3250             0.416                6.7     2.264741e+03            70943.0                    4727.0
NICKEL_LME                 187.7670            3004.272   15715.0000             1.195               19.1     4.529000e+00            71181.0                   13608.0
BRENT_W                      1.6712              26.739      94.6000             1.767               28.3     7.549140e+02            71415.0                   20186.0
FANG                       209.6566            3354.505   19355.4000             1.083               17.3     3.775000e+00            73058.0                   12662.0
BRENT-LAST                   2.0730              33.168      98.4100             2.107               33.7     7.549140e+02            74291.0                   25039.0
CNH                          0.0086               0.137       6.6815             0.128                2.1     1.124295e+04            75120.0                    1541.0
SGD                          0.0025               0.040       1.2778             0.196                3.1     5.899168e+04            75383.0                    2369.0
EUA                          1.0748              17.197      88.8300             1.210               19.4     8.545280e+02            75908.0                   14695.0
DX                           0.3350               5.360     101.9050             0.329                5.3     7.549140e+02            76929.0                    4046.0
US20                         0.6159               9.855     103.0000             0.598                9.6     7.549140e+02            77756.0                    7440.0
US5                          0.2245               3.592     103.6328             0.217                3.5     7.549140e+02            78234.0                    2711.0
US-MATERIAL                 10.4268             166.829    1038.3000             1.004               16.1     7.549100e+01            78383.0                   12594.0
COFFEE                       6.1755              98.808     277.0000             2.229               35.7     2.830930e+02            78417.0                   27972.0
US30                         0.7247              11.595     104.0000             0.697               11.1     7.549140e+02            78511.0                    8753.0
US10                         0.3260               5.215     104.6250             0.312                5.0     7.549140e+02            78983.0                    3937.0
US10U                        0.4067               6.507     105.4062             0.386                6.2     7.549140e+02            79573.0                    4912.0
GILT                         0.4923               7.877      83.6900             0.588                9.4     1.000000e+03            83690.0                    7877.0
BUXL                         0.6624              10.599     100.7000             0.658               10.5     8.545280e+02            86051.0                    9057.0
MSCIASIA                    15.3978             246.364    1147.4000             1.342               21.5     7.549100e+01            86619.0                   18598.0
MSCIEMASIA                  16.4547             263.276    1177.7000             1.397               22.4     7.549100e+01            88906.0                   19875.0
BTP3                         0.1485               2.377     104.2650             0.142                2.3     8.545280e+02            89097.0                    2031.0
SHATZ                        0.1035               1.656     104.8700             0.099                1.6     8.545280e+02            89614.0                    1415.0
PALLAD                      35.1263             562.021    1190.0000             2.952               47.2     7.549100e+01            89835.0                   42428.0
OAT                          0.4768               7.628     108.3000             0.440                7.0     8.545280e+02            92545.0                    6518.0
R1000                       14.2438             227.901    2455.0000             0.580                9.3     3.774600e+01            92666.0                    8602.0
GASOIL                      25.3008             404.813    1233.5000             2.051               32.8     7.549100e+01            93119.0                   30560.0
BTP                          0.4872               7.795     109.6500             0.444                7.1     8.545280e+02            93699.0                    6661.0
CH10                         0.3523               5.637     104.1000             0.338                5.4     9.025100e+02            93951.0                    5087.0
BOBL                         0.2492               3.987     112.4100             0.222                3.5     8.545280e+02            96058.0                    3407.0
PLN                          0.0013               0.021       0.2570             0.511                8.2     3.774568e+05            96991.0                    7932.0
BONO                         0.4331               6.929     114.9400             0.377                6.0     8.545280e+02            98219.0                    5921.0
GASOILINE_ICE                0.0604               0.966       3.1182             1.936               31.0     3.170637e+04            98867.0                   30624.0
US-ENERGY                   16.1642             258.628    1320.9000             1.224               19.6     7.549100e+01            99717.0                   19524.0
GASOILINE                    0.0585               0.936       3.1759             1.842               29.5     3.170637e+04           100696.0                   29669.0
ETHEREUM                    84.3524            1349.639    2714.0000             3.108               49.7     3.774600e+01           102442.0                   50943.0
BUND                         0.3946               6.314     120.2500             0.328                5.3     8.545280e+02           102757.0                    5395.0
AUDJPY                       0.5805               9.288     108.5400             0.535                8.6     9.532640e+02           103467.0                    8854.0
FTSE100                     73.0343            1168.549   10481.0000             0.697               11.1     1.000000e+01           104810.0                   11685.0
EURCHF                       0.0033               0.053       0.9295             0.355                5.7     1.128138e+05           104860.0                    5964.0
YENEUR                       0.8149              13.038     177.1200             0.460                7.4     5.957900e+02           105526.0                    7768.0
EURCAD                       0.0044               0.070       1.5999             0.274                4.4     6.622513e+04           105954.0                    4646.0
EUR                          0.0039               0.062       1.1272             0.346                5.5     9.436419e+04           106367.0                    5896.0
GBPEUR                       0.0018               0.029       0.8540             0.210                3.4     1.250000e+05           106756.0                    3581.0
RUSSELL_mini                24.8474             397.558    2829.1000             0.878               14.1     3.774600e+01           106786.0                   15006.0
EURAUD                       0.0056               0.089       1.6298             0.341                5.5     6.556094e+04           106851.0                    5826.0
COAL                         1.9862              31.779     143.6000             1.383               22.1     7.549140e+02           108406.0                   23990.0
IG                           0.4642               7.427     146.3200             0.317                5.1     7.549140e+02           110459.0                    5607.0
COAL-GEORDIE                 1.5479              24.767     149.0000             1.039               16.6     7.549140e+02           112482.0                   18697.0
SPI200                      62.7810            1004.497    8648.0000             0.726               11.6     1.311200e+01           113394.0                   13171.0
CHF                          0.0053               0.086       1.2133             0.441                7.1     9.436419e+04           114492.0                    8074.0
MSCIEAFA                    26.5133             424.214    3094.9000             0.857               13.7     3.774600e+01           116819.0                   16012.0
HANG                       242.8750            3885.999   24592.0000             0.988               15.8     4.811000e+00           118306.0                   18695.0
GBPCHF                       0.0040               0.064       1.0894             0.366                5.9     1.128138e+05           122899.0                    7196.0
SMI                        106.2011            1699.217   13627.0000             0.779               12.5     9.025000e+00           122985.0                   15336.0
FEEDCOW                      3.8544              61.670     325.9500             1.182               18.9     3.774570e+02           123032.0                   23278.0
GBPJPY                       1.0037              16.059     207.4600             0.484                7.7     5.957900e+02           123603.0                    9568.0
COPPER                       0.0953               1.525       6.6735             1.428               22.9     1.887284e+04           125948.0                   28780.0
US-HEALTH                   15.2062             243.299    1695.6000             0.897               14.3     7.549100e+01           128003.0                   18367.0
FTSETAIWAN                  57.1054             913.687    4265.7500             1.339               21.4     3.019700e+01           128811.0                   27590.0
US-INDUSTRY                 15.5858             249.372    1708.4000             0.912               14.6     7.549100e+01           128969.0                   18825.0
HEATOIL                      0.0768               1.229       4.2603             1.804               28.9     3.170637e+04           135079.0                   38981.0
HIGHYIELD                    0.3368               5.388     183.5000             0.184                2.9     7.549140e+02           138527.0                    4068.0
GICS                         9.0897             145.435     735.0500             1.237               19.8     1.887280e+02           138725.0                   27448.0
CZK                          0.0002               0.003       0.0464             0.383                6.1     3.019654e+06           140233.0                    8583.0
HEATOIL-ICE                  0.1009               1.614       4.4602             2.262               36.2     3.170637e+04           141417.0                   51172.0
BOVESPA                   1801.2716           28820.345  187415.0000             0.961               15.4     7.550000e-01           141482.0                   21757.0
SEK                          0.0005               0.008       0.0998             0.498                8.0     1.509827e+06           150718.0                   12018.0
KOSPI                       28.3106             452.970    1103.8000             2.565               41.0     1.387860e+02           153192.0                   62866.0
US2                          0.0984               1.574     101.8320             0.097                1.5     1.509827e+03           153749.0                    2377.0
US3                          0.1525               2.440     102.5703             0.149                2.4     1.509827e+03           154863.0                    3684.0
NOK                          0.0005               0.007       0.1037             0.447                7.2     1.509827e+06           156569.0                   11204.0
GOLD-mini                   58.9775             943.639    4207.0000             1.402               22.4     3.774600e+01           158796.0                   35618.0
IBEX                       168.8860            2702.176   19097.0000             0.884               14.1     8.545000e+00           163189.0                   23091.0
MSCITAIWAN                  26.3979             422.367    2179.9000             1.211               19.4     7.549100e+01           164564.0                   31885.0
US-DISCRETE                 25.1852             402.963    2220.9000             1.134               18.1     7.549100e+01           167659.0                   30420.0
SOFR                         0.0563               0.901      95.2800             0.059                0.9     1.887284e+03           179820.0                    1700.0
AEX                          7.2882             116.610    1103.4000             0.661               10.6     1.709060e+02           188577.0                   19929.0
DOW_mini                   366.9917            5871.867   51241.0000             0.716               11.5     3.775000e+00           193413.0                   22164.0
TIN_LME                    662.7636           10604.217   54415.0000             1.218               19.5     3.775000e+00           205393.0                   40026.0
EURIBOR-ICE                  0.0581               0.930      96.5600             0.060                1.0     2.136320e+03           206283.0                    1987.0
EURIBOR                      0.0600               0.961      96.5700             0.062                1.0     2.136320e+03           206304.0                    2053.0
MIB                        461.5271            7384.433   50200.0000             0.919               14.7     4.273000e+00           214487.0                   31551.0
SARONA                       0.0378               0.605      99.6650             0.038                0.6     2.256276e+03           224872.0                    1366.0
CHFJPY                       0.9523              15.237     190.1700             0.501                8.0     1.191580e+03           226603.0                   18157.0
SONIA3                       0.0618               0.989      95.2150             0.065                1.0     2.500000e+03           238038.0                    2471.0
IRS                          0.0018               0.028       0.3259             0.542                8.7     7.549135e+05           246057.0                   21357.0
COPPER_LME                 145.4959            2327.935   14324.5000             1.016               16.3     1.887300e+01           270344.0                   43935.0
SP400                       28.6835             458.936    3658.4000             0.784               12.5     7.549100e+01           276178.0                   34646.0
SP500                       52.0128             832.205    7730.5000             0.673               10.8     3.774600e+01           291793.0                   31412.0
FED                          0.0531               0.849      95.5150             0.056                0.9     3.145725e+03           300464.0                    2670.0
GOLD                        58.9818             943.708    4204.5000             1.403               22.4     7.549100e+01           317403.0                   71242.0
NASDAQ                     307.9142            4926.627   30799.2500             1.000               16.0     1.509800e+01           465015.0                   74384.0
JGB                          0.2565               4.104     124.3200             0.206                3.3     4.766320e+03           592549.0                   19561.0


********************************************************************************
                                 END OF REPORT                                  
********************************************************************************


