
********************************************************************************
Slippage report produced on 11/09/2026 22:46 from 03/01/2026 22:46 to 11/09/2026 22:46
********************************************************************************


Slippage calculations: First three columns are slippage (mid to executed price) from 3 sources:
- bid_ask_trades: The difference between the mid price and bid/ask price when a trade is entered
- total_trades: The difference between the mid price and actual fill price when a trade occurs
- bid_ask_sampled: The difference between mid and bid/ask when a regular sample is taken, not when trading

The following three columns show how our estimate of slippage is calculated using weights
- weight_trades: Weighting given to trades (most conservative of bid_ask_trades and total_trades)
- weight_samples: Weighting given to samples
- weight_config: Weighting given to current configured value

The weights vary depending on how many trades and samples we have

Finally we have:
- The estimate based on the calculations above
- The current configured value
- The % difference between these values (estimate and configured). Positive means the estimate is higher (costs not conservative enough)

=======================================================================================================================================================
                                                           Check of slippage, in price units                                                           
=======================================================================================================================================================

                         bid_ask_trades  total_trades  bid_ask_sampled  weight_trades  weight_samples  weight_config   estimate  Configured  Difference
KOSPI_mini                       0.0350       -0.0450           0.0800           0.04            0.75           0.21     0.0655      0.0190       244.8
EU-TECH                          2.5750        2.4250           1.2500           0.03            0.85           0.13     1.1835      0.4700       151.8
SILVER                           0.0200       -0.0200           0.0100           0.05            0.80           0.16     0.0095      0.0040       138.3
CRUDE_ICE                           NaN           NaN           0.0250           0.00            0.88           0.12     0.0232      0.0100       131.7
GASOILINE_ICE                       NaN           NaN           0.0009           0.00            0.88           0.12     0.0008      0.0004       125.7
HANGENT_mini                     9.0000        9.5000           1.5000           0.52            0.00           0.47     6.2943      2.8000       124.8
EU-DJ-OIL                           NaN           NaN           1.4000           0.00            0.87           0.13     1.2952      0.6100       112.3
EU-UTILS                            NaN           NaN           0.8500           0.00            0.87           0.13     0.7924      0.3900       103.2
HEATOIL-ICE                         NaN           NaN           0.0015           0.00            0.88           0.12     0.0014      0.0007       103.1
HEATOIL                             NaN           NaN           0.0008           0.00            0.84           0.16     0.0007      0.0003       100.8
GOLD-mini                           NaN           NaN           0.5000           0.00            0.83           0.17     0.4568      0.2400        90.3
COAL                                NaN           NaN           1.2250           0.00            0.86           0.14     1.1405      0.6000        90.1
MSCITAIWAN                       0.5250        0.4750           0.7600           0.17            0.59           0.24     0.6171      0.3300        87.0
GASOIL                              NaN           NaN           0.2500           0.00            0.88           0.12     0.2353      0.1300        81.0
FTSETAIWAN                          NaN           NaN           0.3750           0.00            0.75           0.25     0.3256      0.1800        80.9
EU-FOOD                             NaN           NaN           0.7500           0.00            0.87           0.13     0.7045      0.3900        80.6
PLAT                                NaN           NaN           0.4500           0.00            0.84           0.16     0.4139      0.2300        80.0
EU-DJ-UTIL                          NaN           NaN           0.8000           0.00            0.87           0.13     0.7526      0.4300        75.0
FTSE250                             NaN           NaN          17.5000           0.00            0.88           0.12    16.5058      9.5000        73.7
KOSPI                               NaN           NaN           0.0500           0.00            0.79           0.21     0.0449      0.0260        72.8
EU-MID                              NaN           NaN           1.3750           0.00            0.88           0.12     1.2984      0.7600        70.8
SUGAR16                             NaN           NaN           1.2000           0.00            0.64           0.36     0.9706      0.5700        70.3
MSCIEMASIA                       0.4750        3.8500           0.2500           0.08            0.75           0.17     0.5643      0.3400        66.0
EUROSTX-LARGE                       NaN           NaN           1.1000           0.00            0.88           0.12     1.0414      0.6300        65.3
ALUMINIUM                        2.8750        2.7500           1.8750           0.07            0.77           0.16     1.8133      1.1000        64.8
TWD                                 NaN           NaN           0.0450           0.00            0.79           0.21     0.0409      0.0250        63.6
EU-HOUSE                            NaN           NaN           2.2250           0.00            0.87           0.13     2.1080      1.3000        62.2
EU-DJ-TELECOM                       NaN           NaN           0.6500           0.00            0.87           0.13     0.6159      0.3800        62.1
EU-BASIC*                        2.0750        1.4750           0.7000           0.06            0.82           0.12     0.7542      0.4700        60.5
EU-OIL                           3.3000        0.7500           0.4000           0.07            0.81           0.12     0.5994      0.3800        57.7
EU-HEALTH                           NaN           NaN           2.0500           0.00            0.87           0.13     1.9562      1.3000        50.5
GOLD                                NaN           NaN           0.2500           0.00            0.83           0.17     0.2346      0.1600        46.6
TIN_LME                             NaN           NaN         150.0000           0.00            0.87           0.13   143.6333    100.0000        43.6
GASOILINE*                       0.0005        0.0002           0.0004           0.10            0.75           0.15     0.0004      0.0003        43.0
FEEDCOW                             NaN           NaN           0.0625           0.00            0.74           0.26     0.0567      0.0400        41.7
EU-AUTO*                         0.9500        1.0500           0.4500           0.01            0.86           0.12     0.4413      0.3200        37.9
EU-CONSTRUCTION                     NaN           NaN           0.9000           0.00            0.87           0.13     0.8660      0.6300        37.5
EU-CHEM                             NaN           NaN           1.5500           0.00            0.87           0.13     1.4937      1.1000        35.8
GICS                                NaN           NaN           0.8000           0.00            0.83           0.17     0.7590      0.5600        35.5
EU-DJ-TECH                          NaN           NaN           2.9000           0.00            0.87           0.13     2.7995      2.1000        33.3
EUROSTX-SMALL                       NaN           NaN           0.7000           0.00            0.87           0.13     0.6762      0.5100        32.6
MSCISING*                        0.0500        0.0375           0.0500           0.16            0.67           0.17     0.0476      0.0360        32.1
EU-REALESTATE                       NaN           NaN           0.2000           0.00            0.87           0.13     0.1937      0.1500        29.2
PALLAD                              NaN           NaN           0.7500           0.00            0.84           0.16     0.7188      0.5600        28.4
SUGAR11*                         0.0050        0.0250           0.0050           0.07            0.70           0.23     0.0064      0.0050        27.9
DOW_mini                            NaN           NaN           1.0000           0.00            0.83           0.17     0.9581      0.7500        27.8
R1000                            0.5000        0.4500           0.3500           0.03            0.80           0.16     0.3418      0.2700        26.6
GOLD_micro                       0.1500        0.3000           0.1500           0.19            0.68           0.13     0.1767      0.1400        26.2
DX                               0.0125        0.0225           0.0050           0.06            0.79           0.15     0.0060      0.0048        25.9
BUTTER                              NaN           NaN           1.3125           0.00            0.82           0.18     1.2576      1.0000        25.8
NASDAQ_micro                     0.5625       -0.6875           0.2500           0.17            0.69           0.14     0.3012      0.2400        25.5
CORN_mini                           NaN           NaN           0.1875           0.00            0.75           0.25     0.1755      0.1400        25.4
EU-DIV30                            NaN           NaN           1.2500           0.00            0.87           0.13     1.2149      0.9700        25.3
EU-TRAVEL                           NaN           NaN           0.5500           0.00            0.87           0.13     0.5345      0.4300        24.3
BONO                                NaN           NaN           0.0600           0.00            0.88           0.12     0.0584      0.0470        24.2
US-DISCRETE                         NaN           NaN           0.5500           0.00            0.83           0.17     0.5298      0.4300        23.2
BRENT-LAST*                      0.0150        0.0200           0.0150           0.05            0.80           0.16     0.0148      0.0120        23.0
DAX                              1.5000        0.2500           1.5000           0.26            0.65           0.09     1.4722      1.2000        22.7
EU-BANKS*                        0.0250       -0.0250           0.0375           0.08            0.81           0.11     0.0355      0.0290        22.5
MIB                              2.5000      -77.5000           5.0000           0.04            0.83           0.13     4.7650      3.9000        22.2
EU-RETAIL                           NaN           NaN           0.8500           0.00            0.87           0.13     0.8280      0.6800        21.8
JPY_mini                            NaN           NaN           0.0000           0.00            0.83           0.17     0.0000      0.0000        20.8
CH10                                NaN           NaN           0.3100           0.00            0.85           0.15     0.3013      0.2500        20.5
JP-REALESTATE                       NaN           NaN           1.2500           0.00            0.79           0.21     1.1987      1.0000        19.9
EU-MEDIA                            NaN           NaN           0.5000           0.00            0.87           0.13     0.4883      0.4100        19.1
FTSEINDO                            NaN           NaN          31.0000           0.00            0.79           0.21    29.7483     25.0000        19.0
EUROSTX200-LARGE                    NaN           NaN           1.1000           0.00            0.88           0.12     1.0788      0.9300        16.0
CRUDE_W_micro                    0.0200        0.0200           0.0200           0.38            0.52           0.10     0.0197      0.0170        15.9
MSCIASIA                            NaN           NaN           0.4000           0.00            0.88           0.12     0.3925      0.3400        15.4
US-UTILS                            NaN           NaN           0.2000           0.00            0.83           0.17     0.1950      0.1700        14.7
MSCIEAFA                         0.1000       -0.6000           0.1500           0.16            0.70           0.14     0.1376      0.1200        14.7
NASDAQ                              NaN           NaN           0.3750           0.00            0.83           0.17     0.3658      0.3200        14.3
US-INDUSTRY                         NaN           NaN           0.3500           0.00            0.83           0.17     0.3415      0.3000        13.8
WHEY                                NaN           NaN           0.6875           0.00            0.83           0.17     0.6705      0.5900        13.6
COPPER-micro                     0.0008        0.0010           0.0008           0.21            0.66           0.13     0.0008      0.0007        13.6
EU-INSURE                           NaN           NaN           0.4500           0.00            0.87           0.13     0.4425      0.3900        13.5
MXP                              0.0000        0.0000           0.0000           0.23            0.64           0.13     0.0000      0.0000        13.1
IBEX_mini                        2.5000        6.2500           2.5000           0.09            0.79           0.12     2.8193      2.5000        12.8
VNKI                                NaN           NaN           0.3000           0.00            0.79           0.21     0.2915      0.2600        12.1
CAC                              0.5000       -0.2500           0.5000           0.07            0.81           0.12     0.4929      0.4400        12.0
MSCIWORLD                           NaN           NaN          27.2500           0.00            0.88           0.12    26.8444     24.0000        11.9
WHEAT_ICE                           NaN           NaN           0.5000           0.00            0.84           0.16     0.4902      0.4400        11.4
HANG_mini                        2.7500       -1.7500           2.0000           0.28            0.00           0.71     2.2133      2.0000        10.7
JPY                              0.0000        0.0000           0.0000           0.35            0.54           0.11     0.0000      0.0000         9.5
EURAUD                              NaN           NaN           0.0002           0.00            0.83           0.17     0.0002      0.0002         9.3
AEX*                             0.1750       -0.0875           0.1250           0.11            0.77           0.11     0.1301      0.1200         8.5
FTSE100                             NaN           NaN           0.5000           0.00            0.88           0.12     0.4963      0.4700         5.6
GBP_micro                           NaN           NaN           0.0001           0.00            0.83           0.17     0.0001      0.0001         5.3
RUSSELL_mini                        NaN           NaN           0.1000           0.00            0.83           0.17     0.0990      0.0940         5.3
NIKKEI400                           NaN           NaN           5.0000           0.00            0.79           0.21     4.9384      4.7000         5.1
MILKDRY                             NaN           NaN           0.9000           0.00            0.82           0.18     0.8912      0.8500         4.9
COPPER-mini                         NaN           NaN           0.0020           0.00            0.83           0.17     0.0020      0.0019         4.4
EUROSTX                          0.5000        0.5000           0.5000           0.11            0.78           0.11     0.4978      0.4800         3.7
TOPIX                            0.2500        0.2500           0.2500           0.35            0.52           0.13     0.2487      0.2400         3.6
SMI                              1.0000        1.7500           1.0000           0.05            0.83           0.12     1.0356      1.0000         3.6
COPPER                              NaN           NaN           0.0008           0.00            0.84           0.16     0.0007      0.0007         3.5
CRUDE_W_mini                        NaN           NaN           0.0250           0.00            0.84           0.16     0.0248      0.0240         3.5
VIX_mini                            NaN           NaN           0.0250           0.00            0.83           0.17     0.0248      0.0240         3.5
MILLWHEAT*                       0.1250       -0.6250           0.1250           0.02            0.79           0.19     0.1240      0.1200         3.4
LIVECOW                          0.0250        0.0250           0.0250           0.21            0.59           0.21     0.0248      0.0240         3.3
FANG                                NaN           NaN          11.4000           0.00            0.83           0.17    11.3328     11.0000         3.0
CHFJPY                              NaN           NaN           0.0225           0.00            0.83           0.17     0.0224      0.0220         1.9
ZAR*                             0.0000        0.0000           0.0000           0.12            0.73           0.15     0.0000      0.0000         1.5
YENEUR                           0.0150        0.0100           0.0100           0.19            0.68           0.14     0.0111      0.0110         0.7
US10U*                           0.0078        0.0234           0.0078           0.02            0.82           0.16     0.0081      0.0081         0.2
NZD                              0.0000        0.0000           0.0000           0.29            0.60           0.12     0.0000      0.0000         0.2
US5                                 NaN           NaN           0.0039           0.00            0.83           0.17     0.0039      0.0039         0.1
BRENT_W                             NaN           NaN           0.0100           0.00            0.88           0.12     0.0100      0.0100         0.0
GILT                                NaN           NaN           0.0050           0.00            0.88           0.12     0.0050      0.0050         0.0
JGB-SGX-mini                        NaN           NaN           0.0100           0.00            0.80           0.20     0.0100      0.0100         0.0
KR3                                 NaN           NaN           0.0050           0.00            0.79           0.21     0.0050      0.0050         0.0
JGB                                 NaN           NaN           0.0050           0.00            0.48           0.52     0.0050      0.0050         0.0
GAS-LAST                            NaN           NaN           0.0015           0.00            0.84           0.16     0.0015      0.0015         0.0
AUDJPY                              NaN           NaN           0.0150           0.00            0.83           0.17     0.0150      0.0150         0.0
VIX                                 NaN           NaN           0.0250           0.00            0.83           0.17     0.0250      0.0250         0.0
EU-DJ-MEDIA                         NaN           NaN              NaN           0.00            0.00           1.00     2.8500      2.8500         0.0
NASBIO-mini                         NaN           NaN              NaN           0.00            0.00           1.00     1.3000      1.3000         0.0
MSCIRUSSIA                          NaN           NaN              NaN           0.00            0.00           1.00     1.5000      1.5000         0.0
R1000_mini                          NaN           NaN              NaN           0.00            0.00           1.00     0.4500      0.4500         0.0
LIBOR1                              NaN           NaN              NaN           0.00            0.00           1.00     0.0100      0.0100         0.0
KRW                                 NaN           NaN              NaN           0.00            0.00           1.00     0.0001      0.0001         0.0
LUMBER                              NaN           NaN              NaN           0.00            0.00           1.00     2.1000      2.1000         0.0
NIKKEI-JPY                          NaN           NaN              NaN           0.00            0.00           1.00  2100.0000   2100.0000         0.0
NIFTY                               NaN           NaN              NaN           0.00            0.00           1.00     6.8000      6.8000         0.0
PLZEUR                              NaN           NaN              NaN           0.00            0.00           1.00     0.0005      0.0005         0.0
USIRS5                              NaN           NaN              NaN           0.00            0.00           1.00     0.0170      0.0170         0.0
USIRS30                             NaN           NaN              NaN           0.00            0.00           1.00     0.0938      0.0938         0.0
USIRS2ERIS                          NaN           NaN              NaN           0.00            0.00           1.00     0.0070      0.0070         0.0
USIRS10                             NaN           NaN              NaN           0.00            0.00           1.00     0.0270      0.0270         0.0
US20-new                            NaN           NaN              NaN           0.00            0.00           1.00     0.0720      0.0720         0.0
US-TECH                             NaN           NaN              NaN           0.00            0.00           1.00     0.3500      0.3500         0.0
US-PROPERTY                         NaN           NaN              NaN           0.00            0.00           1.00     0.0940      0.0940         0.0
US-FINANCE                          NaN           NaN              NaN           0.00            0.00           1.00     0.1200      0.1200         0.0
THB                                 NaN           NaN              NaN           0.00            0.00           1.00     0.0800      0.0800         0.0
STERLING3                           NaN           NaN              NaN           0.00            0.00           1.00     0.0025      0.0025         0.0
SOFR1                               NaN           NaN              NaN           0.00            0.00           1.00     0.0025      0.0025         0.0
USDKRW                              NaN           NaN              NaN           0.00            0.00           1.00     0.1100      0.1100         0.0
SILVER-mini                         NaN           NaN              NaN           0.00            0.00           1.00     0.0125      0.0125         0.0
RUR                                 NaN           NaN              NaN           0.00            0.00           1.00     0.0000      0.0000         0.0
RUBBER-RSS                          NaN           NaN              NaN           0.00            0.00           1.00     0.4800      0.4800         0.0
RAPESEED                            NaN           NaN              NaN           0.00            0.00           1.00     0.2700      0.2700         0.0
R1000GROWTH-mini                    NaN           NaN              NaN           0.00            0.00           1.00     0.4000      0.4000         0.0
JPY-SGX-TITAN                       NaN           NaN              NaN           0.00            0.00           1.00     0.0100      0.0100         0.0
HOUSE-SD                            NaN           NaN              NaN           0.00            0.00           1.00     2.4500      2.4500         0.0
JPY-SGX                             NaN           NaN              NaN           0.00            0.00           1.00     0.0100      0.0100         0.0
EU-DJ-CHEM                          NaN           NaN              NaN           0.00            0.00           1.00    15.5500     15.5500         0.0
DJSTX-SMALL                         NaN           NaN              NaN           0.00            0.00           1.00     0.6500      0.6500         0.0
HEATOIL-mini                        NaN           NaN              NaN           0.00            0.00           1.00     0.0325      0.0325         0.0
GOLD-CHINA                          NaN           NaN              NaN           0.00            0.00           1.00     7.4500      7.4500         0.0
EDOLLAR                             NaN           NaN              NaN           0.00            0.00           1.00     0.0025      0.0025         0.0
ETHANOL                             NaN           NaN              NaN           0.00            0.00           1.00     0.0005      0.0005         0.0
EU-BANKS-DIVI                       NaN           NaN              NaN           0.00            0.00           1.00     0.1200      0.1200         0.0
EU-DIV50                            NaN           NaN              NaN           0.00            0.00           1.00     0.1000      0.1000         0.0
EU-DJ-FINANCE                       NaN           NaN              NaN           0.00            0.00           1.00     6.2500      6.2500         0.0
INR-micro                           NaN           NaN              NaN           0.00            0.00           1.00     0.1200      0.1200         0.0
EU-DJ-FOOD                          NaN           NaN              NaN           0.00            0.00           1.00     1.5500      1.5500         0.0
EUROSTX-PRICE                       NaN           NaN              NaN           0.00            0.00           1.00     0.1500      0.1500         0.0
EUROSTX-MID                         NaN           NaN              NaN           0.00            0.00           1.00     1.2000      1.2000         0.0
EU-DJ-HEALTH                        NaN           NaN              NaN           0.00            0.00           1.00     4.4000      4.4000         0.0
EU-FINANCE                          NaN           NaN              NaN           0.00            0.00           1.00     0.2000      0.2000         0.0
EU-DJ-INSURE                        NaN           NaN              NaN           0.00            0.00           1.00     0.3500      0.3500         0.0
EU-DJ-RETAIL                        NaN           NaN              NaN           0.00            0.00           1.00     2.1000      2.1000         0.0
DIVDAX                              NaN           NaN              NaN           0.00            0.00           1.00     0.1750      0.1750         0.0
CORRA                               NaN           NaN              NaN           0.00            0.00           1.00     0.0080      0.0080         0.0
CORN-EURO                           NaN           NaN              NaN           0.00            0.00           1.00     0.1200      0.1200         0.0
HOUSE-BO                            NaN           NaN              NaN           0.00            0.00           1.00     3.4000      3.4000         0.0
INR-SGX                             NaN           NaN              NaN           0.00            0.00           1.00     0.0100      0.0100         0.0
HUF                                 NaN           NaN              NaN           0.00            0.00           1.00     0.0000      0.0000         0.0
HOUSE-SF                            NaN           NaN              NaN           0.00            0.00           1.00     1.9500      1.9500         0.0
HOUSE-NY                            NaN           NaN              NaN           0.00            0.00           1.00     3.6000      3.6000         0.0
HOUSE-MI                            NaN           NaN              NaN           0.00            0.00           1.00     4.1000      4.1000         0.0
HOUSE-LV                            NaN           NaN              NaN           0.00            0.00           1.00     3.9000      3.9000         0.0
AUD-SGX                             NaN           NaN              NaN           0.00            0.00           1.00     0.0001      0.0001         0.0
AUDJPY-SGX                          NaN           NaN              NaN           0.00            0.00           1.00     0.0150      0.0150         0.0
AUSCASH                             NaN           NaN              NaN           0.00            0.00           1.00     0.0050      0.0050         0.0
HOUSE-LA                            NaN           NaN              NaN           0.00            0.00           1.00     4.3000      4.3000         0.0
HOUSE-DN                            NaN           NaN              NaN           0.00            0.00           1.00     3.0000      3.0000         0.0
HOUSE-CG                            NaN           NaN              NaN           0.00            0.00           1.00     3.0000      3.0000         0.0
BB3M                                NaN           NaN              NaN           0.00            0.00           1.00     0.0370      0.0370         0.0
CADSTIR                             NaN           NaN              NaN           0.00            0.00           1.00     0.0041      0.0041         0.0
CHFJPY-ICE                          NaN           NaN              NaN           0.00            0.00           1.00     0.0220      0.0220         0.0
EU-DJ-INDUSTRY                      NaN           NaN              NaN           0.00            0.00           1.00     0.6000      0.6000         0.0
USIRS5ERIS                          NaN           NaN              NaN           0.00            0.00           1.00     0.0120      0.0120         0.0
MUMMY                            0.5000       -0.5000           0.5000           0.12            0.70           0.18     0.5000      0.5000         0.0
BEL20                               NaN           NaN              NaN           0.00            0.00           1.00     9.0000      9.0000         0.0
MID-DAX                             NaN           NaN              NaN           0.00            0.00           1.00    23.0000     23.0000         0.0
ALUMINIUM_LME                       NaN           NaN           1.0000           0.00            0.88           0.12     1.0000      1.0000        -0.0
US-REALESTATE                       NaN           NaN           0.1000           0.00            0.83           0.17     0.1000      0.1000        -0.0
BUXL*                            0.0100        0.0100           0.0100           0.10            0.79           0.11     0.0100      0.0100        -0.0
KOSDAQ*                          0.1500        0.1500           0.1500           0.13            0.69           0.18     0.1500      0.1500        -0.0
US-HEALTH                           NaN           NaN           0.3000           0.00            0.83           0.17     0.3000      0.3000        -0.0
US-ENERGY                           NaN           NaN           0.3000           0.00            0.83           0.17     0.3000      0.3000        -0.0
CAD2                                NaN           NaN           0.0025           0.00            0.82           0.18     0.0025      0.0025        -0.0
SARONA                              NaN           NaN           0.0025           0.00            0.88           0.12     0.0025      0.0025        -0.0
SHATZ                               NaN           NaN           0.0025           0.00            0.88           0.12     0.0025      0.0025        -0.0
EURIBOR-ICE                         NaN           NaN           0.0025           0.00            0.88           0.12     0.0025      0.0025        -0.0
SONIA3                              NaN           NaN           0.0025           0.00            0.88           0.12     0.0025      0.0025        -0.0
HANG                                NaN           NaN           1.0000           0.00            0.01           0.99     1.4967      1.5000        -0.2
HANGENT                             NaN           NaN           0.5000           0.00            0.01           0.99     0.9967      1.0000        -0.3
CAD_micro                           NaN           NaN           0.0000           0.00            0.83           0.17     0.0001      0.0001        -1.6
BOBL                                NaN           NaN           0.0050           0.00            0.88           0.12     0.0050      0.0051        -1.7
RUBBER*                          0.0750       -0.0500           0.1000           0.08            0.73           0.19     0.0981      0.1000        -1.9
US30                                NaN           NaN           0.0156           0.00            0.83           0.17     0.0157      0.0160        -2.0
US2                                 NaN           NaN           0.0020           0.00            0.83           0.17     0.0020      0.0020        -2.0
US20                                NaN           NaN           0.0156           0.00            0.83           0.17     0.0157      0.0160        -2.0
US10*                            0.0078       -0.0078           0.0078           0.08            0.77           0.15     0.0078      0.0080        -2.0
ETHER-micro                         NaN           NaN           1.7500           0.00            0.84           0.16     1.7582      1.8000        -2.3
LEANHOG                          0.0125        0.0250           0.0125           0.25            0.56           0.19     0.0165      0.0170        -2.9
SOYMEAL*                         0.0750        0.1250           0.0500           0.05            0.71           0.24     0.0553      0.0570        -3.0
SP500                               NaN           NaN           0.1250           0.00            0.83           0.17     0.1258      0.1300        -3.2
BBCOMM                              NaN           NaN           0.0650           0.00            0.75           0.25     0.0658      0.0680        -3.3
SP500_micro                      0.1250        0.0625           0.1250           0.29            0.59           0.12     0.1256      0.1300        -3.4
BUND*                            0.0050        0.0000           0.0050           0.14            0.75           0.11     0.0050      0.0052        -3.4
CHEESE                              NaN           NaN           0.0020           0.00            0.83           0.17     0.0020      0.0021        -3.9
EUA                                 NaN           NaN           0.0200           0.00            0.86           0.14     0.0201      0.0210        -4.1
GBP                              0.0001        0.0001           0.0000           0.27            0.61           0.12     0.0001      0.0001        -4.9
US3                                 NaN           NaN           0.0020           0.00            0.83           0.17     0.0020      0.0021        -5.8
IRS                                 NaN           NaN           0.0006           0.00            0.83           0.17     0.0006      0.0007        -6.1
CAD5                                NaN           NaN           0.0050           0.00            0.83           0.17     0.0051      0.0054        -6.1
BTP3                                NaN           NaN           0.0025           0.00            0.88           0.12     0.0025      0.0027        -6.5
HOUSE-US                            NaN           NaN           1.0000           0.00            0.80           0.20     1.0201      1.1000        -7.3
KRWUSD_mini                      0.0001       -0.0000           0.0001           0.15            0.67           0.17     0.0001      0.0001        -7.5
CHF_micro                           NaN           NaN           0.0001           0.00            0.83           0.17     0.0001      0.0001        -7.6
EURCHF                              NaN           NaN           0.0001           0.00            0.83           0.17     0.0001      0.0001        -7.6
GAS_US                              NaN           NaN           0.0010           0.00            0.84           0.16     0.0010      0.0011        -7.6
SUGAR_WHITE                         NaN           NaN           0.1000           0.00            0.86           0.14     0.1014      0.1100        -7.8
WHEAT_mini                          NaN           NaN           0.2500           0.00            0.75           0.25     0.2576      0.2800        -8.0
RUSSELL                          0.1000        0.1000           0.1000           0.43            0.48           0.10     0.1010      0.1100        -8.2
SGD                                 NaN           NaN           0.0001           0.00            0.80           0.20     0.0001      0.0001        -8.5
GAS-PEN                          0.0015        0.0000           0.0010           0.13            0.72           0.14     0.0011      0.0012        -8.8
CZK                                 NaN           NaN           0.0001           0.00            0.83           0.17     0.0001      0.0001        -8.9
GAS_US_mini                      0.0025        0.0025           0.0025           0.17            0.69           0.14     0.0025      0.0028        -9.2
CAD10                            0.0050       -0.0150           0.0050           0.36            0.52           0.12     0.0051      0.0056        -9.5
US-STAPLES                          NaN           NaN           0.1500           0.00            0.83           0.17     0.1534      0.1700        -9.8
EURCAD                              NaN           NaN           0.0002           0.00            0.83           0.17     0.0002      0.0002        -9.8
EURO600                             NaN           NaN           0.0500           0.00            0.88           0.12     0.0509      0.0570       -10.8
COPPER_LME                          NaN           NaN           1.7500           0.00            0.88           0.12     1.7807      2.0000       -11.0
SPI200                           0.5000       -5.5000           0.5000           0.03            0.90           0.07     0.5048      0.5700       -11.4
EUR                                 NaN           NaN           0.0000           0.00            0.83           0.17     0.0000      0.0000       -11.5
CHF*                             0.0000       -0.0000           0.0000           0.20            0.67           0.13     0.0001      0.0001       -12.0
REDWHEAT                         0.1875       -0.0000           0.1250           0.13            0.65           0.22     0.1409      0.1600       -12.0
IG                                  NaN           NaN           0.0200           0.00            0.72           0.28     0.0211      0.0240       -12.0
EPRA-EUROPE                         NaN           NaN           2.7500           0.00            0.85           0.15     2.8167      3.2000       -12.0
HIGHYIELD                           NaN           NaN           0.0200           0.00            0.72           0.28     0.0211      0.0240       -12.0
WHEAT*                           0.1250        0.2500           0.1250           0.05            0.71           0.24     0.1394      0.1600       -12.9
SGD_mini                            NaN           NaN           0.0001           0.00            0.80           0.20     0.0002      0.0002       -13.3
CNH                                 NaN           NaN           0.0001           0.00            0.80           0.20     0.0001      0.0001       -13.3
US-MATERIAL                         NaN           NaN           0.2500           0.00            0.83           0.17     0.2584      0.3000       -13.9
SP400                               NaN           NaN           0.4000           0.00            0.83           0.17     0.4134      0.4800       -13.9
GBPJPY                              NaN           NaN           0.0200           0.00            0.83           0.17     0.0207      0.0240       -13.9
FED                                 NaN           NaN           0.0025           0.00            0.83           0.17     0.0026      0.0030       -13.9
SOFR                                NaN           NaN           0.0025           0.00            0.83           0.17     0.0026      0.0030       -13.9
SEK                                 NaN           NaN           0.0000           0.00            0.83           0.17     0.0000      0.0000       -13.9
CRUDE_W                             NaN           NaN           0.0100           0.00            0.84           0.16     0.0103      0.0120       -13.9
EUR_micro                        0.0001       -0.0000           0.0000           0.48            0.43           0.09     0.0001      0.0001       -13.9
CAD                              0.0000        0.0000           0.0000           0.13            0.73           0.14     0.0000      0.0000       -14.3
CANOLA                           0.1000       -0.2000           0.1000           0.20            0.66           0.13     0.1027      0.1200       -14.4
ZINC_LME                            NaN           NaN           1.5000           0.00            0.88           0.12     1.5368      1.8000       -14.6
DOW                              1.0000       -0.5000           1.0000           0.35            0.54           0.11     1.0218      1.2000       -14.9
EUR_mini                            NaN           NaN           0.0000           0.00            0.83           0.17     0.0001      0.0001       -15.0
AUD_micro*                       0.0000       -0.0000           0.0000           0.48            0.44           0.09     0.0001      0.0001       -15.2
LUMBER-new                          NaN           NaN           0.5000           0.00            0.80           0.20     0.5244      0.6200       -15.4
MILK                                NaN           NaN           0.0200           0.00            0.83           0.17     0.0209      0.0250       -16.5
JGB-mini                            NaN           NaN           0.0150           0.00            0.48           0.52     0.0192      0.0230       -16.5
CORN                             0.1250       -0.1250           0.1250           0.05            0.71           0.24     0.1334      0.1600       -16.6
COFFEE                              NaN           NaN           0.0750           0.00            0.80           0.20     0.0790      0.0950       -16.8
OATIES                              NaN           NaN           0.3750           0.00            0.75           0.25     0.4039      0.4900       -17.6
AEX_mini                            NaN           NaN           1.9000           0.00            0.87           0.13     1.9637      2.4000       -18.2
BTP*                             0.0050       -0.0050           0.0050           0.06            0.82           0.12     0.0052      0.0063       -18.2
PLN                                 NaN           NaN           0.0000           0.00            0.83           0.17     0.0001      0.0001       -18.2
GBPEUR                              NaN           NaN           0.0000           0.00            0.83           0.17     0.0001      0.0001       -18.2
IRON                                NaN           NaN           0.0500           0.00            0.80           0.20     0.0532      0.0660       -19.3
KR10*                            0.0050       -0.0050           0.0050           0.34            0.50           0.16     0.0052      0.0065       -19.5
SOYBEAN                             NaN           NaN           0.1250           0.00            0.75           0.25     0.1363      0.1700       -19.8
SMI-MID                             NaN           NaN           9.0000           0.00            0.81           0.19     9.5740     12.0000       -20.2
AUD                                 NaN           NaN           0.0000           0.00            0.83           0.17     0.0000      0.0000       -20.2
SOYBEAN_mini                        NaN           NaN           0.2500           0.00            0.75           0.25     0.2752      0.3500       -21.4
NICKEL_LME                          NaN           NaN           7.5000           0.00            0.88           0.12     7.8074     10.0000       -21.9
NIKKEI                           2.5000       -2.5000           2.5000           0.29            0.57           0.14     2.6301      3.4000       -22.6
OAT                              0.0050        0.0150           0.0050           0.02            0.85           0.12     0.0055      0.0072       -23.5
COTTON2                             NaN           NaN           0.0100           0.00            0.83           0.17     0.0107      0.0140       -23.8
COCOA                            1.5000        4.0000           1.5000           0.04            0.77           0.19     1.7526      2.3000       -23.8
GBPCHF                              NaN           NaN           0.0001           0.00            0.83           0.17     0.0002      0.0002       -23.8
COCOA_LDN                           NaN           NaN           1.5000           0.00            0.84           0.16     1.5981      2.1000       -23.9
BRE                              0.0000        0.0000           0.0000           0.23            0.64           0.13     0.0000      0.0000       -24.9
MILKWET                             NaN           NaN           0.1800           0.00            0.83           0.17     0.1940      0.2600       -25.4
NOK                                 NaN           NaN           0.0000           0.00            0.83           0.17     0.0000      0.0000       -25.5
STEEL                               NaN           NaN           1.5000           0.00            0.84           0.16     1.6149      2.2000       -26.6
EURIBOR                             NaN           NaN           0.0050           0.00            0.88           0.12     0.0053      0.0072       -26.8
INR                                 NaN           NaN           0.0100           0.00            0.82           0.18     0.0109      0.0150       -27.3
RICE                             0.0100        0.0100           0.0075           0.02            0.73           0.25     0.0087      0.0120       -27.8
FTSECHINAH                          NaN           NaN          16.2500           0.00            0.80           0.20    18.0381     25.0000       -27.8
SOYOIL*                          0.0075        0.0075           0.0100           0.13            0.65           0.22     0.0108      0.0150       -28.2
BITCOIN                         10.0000       10.0000           7.5000           0.57            0.36           0.07     9.3162     13.0000       -28.3
FTSECHINAA                       0.5000       -0.5000           1.0000           0.29            0.57           0.14     0.8986      1.3000       -30.9
OJ                                  NaN           NaN           0.2750           0.00            0.80           0.20     0.3102      0.4500       -31.1
ETHEREUM                            NaN           NaN           0.7500           0.00            0.84           0.16     0.8241      1.2000       -31.3
CHINAA-CON                          NaN           NaN           0.3000           0.00            0.77           0.23     0.3481      0.5100       -31.7
ROBUSTA                             NaN           NaN           1.0000           0.00            0.84           0.16     1.1469      1.9000       -39.6
KRWUSD                              NaN           NaN           0.0000           0.00            0.83           0.17     0.0000      0.0000       -41.6
COAL-GEORDIE                        NaN           NaN           1.4750           0.00            0.85           0.15     1.6854      2.9000       -41.9
LEAD_LME                            NaN           NaN           1.2500           0.00            0.88           0.12     1.3913      2.4000       -42.0
V2X                              0.0250       -0.0250           0.0250           0.02            0.85           0.12     0.0278      0.0480       -42.1
TWD-mini                            NaN           NaN           0.0001           0.00            0.76           0.24     0.0001      0.0003       -48.6
SGX                                 NaN           NaN           0.0000           0.00            0.52           0.48     0.7258      1.5000       -51.6
FTSEVIET                            NaN           NaN           2.0000           0.00            0.78           0.22     5.0435     16.0000       -68.5
CNH-onshore                         NaN           NaN           0.0000           0.00            0.79           0.21     0.0002      0.0010       -79.1
GASOILINE_micro                     NaN           NaN           0.0000           0.00            0.80           0.20     0.0080      0.0400       -79.9
CLP                                 NaN           NaN           0.0000           0.00            0.82           0.18     0.0000      0.0000       -81.9
BOVESPA                             NaN           NaN           0.0000           0.00            0.83           0.17    89.2449    520.0000       -82.8
COTTON                              NaN           NaN           0.0000           0.00            0.83           0.17     0.0000      0.0001       -83.1
SWISSLEAD                           NaN           NaN           0.0000           0.00            0.87           0.13     0.8597      6.7000       -87.2
OMX                                 NaN           NaN           0.0000           0.00            0.87           0.13     2.4297     19.0000       -87.2
HANGTECH                         1.0000       -0.2500           0.5000            NaN             NaN            NaN        NaN         NaN         NaN
IBEX                                NaN           NaN           2.5000            NaN             NaN            NaN        NaN         NaN         NaN
AMERIBOR-1M                         NaN           NaN              NaN            NaN             NaN            NaN        NaN      0.0000         NaN
AMERIBOR-3M                         NaN           NaN              NaN            NaN             NaN            NaN        NaN      0.0000         NaN
AMERIBOR-T30                        NaN           NaN              NaN            NaN             NaN            NaN        NaN      0.0000         NaN
AMX                                 NaN           NaN              NaN            NaN             NaN            NaN        NaN      0.0000         NaN
ASX                                 NaN           NaN              NaN            NaN             NaN            NaN        NaN      0.0000         NaN
ATX                                 NaN           NaN              NaN            NaN             NaN            NaN        NaN      0.0000         NaN
AUD-ICE                             NaN           NaN              NaN            NaN             NaN            NaN        NaN      0.0000         NaN
AUDCAD                              NaN           NaN              NaN            NaN             NaN            NaN        NaN      0.0000         NaN
BARLEY                              NaN           NaN              NaN            NaN             NaN            NaN        NaN      0.0000         NaN
BITCOIN-BAKKT                       NaN           NaN              NaN            NaN             NaN            NaN        NaN      0.0000         NaN
BONO-MEFF                           NaN           NaN              NaN            NaN             NaN            NaN        NaN      0.0000         NaN
BOVESPA-HK                          NaN           NaN              NaN            NaN             NaN            NaN        NaN      0.0000         NaN
BRENT                               NaN           NaN              NaN            NaN             NaN            NaN        NaN      0.0000         NaN
BRR                                 NaN           NaN              NaN            NaN             NaN            NaN        NaN      0.0000         NaN
BRREUR                              NaN           NaN              NaN            NaN             NaN            NaN        NaN      0.0000         NaN
BTP5                                NaN           NaN              NaN            NaN             NaN            NaN        NaN      0.0000         NaN
CADJPY                              NaN           NaN              NaN            NaN             NaN            NaN        NaN      0.0000         NaN
CADJPY2                             NaN           NaN              NaN            NaN             NaN            NaN        NaN      0.0000         NaN
CAN-ENERGY                          NaN           NaN              NaN            NaN             NaN            NaN        NaN      0.0000         NaN
CAN-FINANCE                         NaN           NaN              NaN            NaN             NaN            NaN        NaN      0.0000         NaN
CAN-GOLD                            NaN           NaN              NaN            NaN             NaN            NaN        NaN      0.0000         NaN
CAN-TECH                            NaN           NaN              NaN            NaN             NaN            NaN        NaN      0.0000         NaN
CANNABIS_small                      NaN           NaN              NaN            NaN             NaN            NaN        NaN      0.0000         NaN
CHINA120                            NaN           NaN              NaN            NaN             NaN            NaN        NaN      0.0000         NaN
CNH-CME                             NaN           NaN              NaN            NaN             NaN            NaN        NaN      0.0000         NaN
CNH-CME_micro                       NaN           NaN              NaN            NaN             NaN            NaN        NaN      0.0000         NaN
CNH-HK                              NaN           NaN              NaN            NaN             NaN            NaN        NaN      0.0000         NaN
CNHEUR                              NaN           NaN              NaN            NaN             NaN            NaN        NaN      0.0000         NaN
COAL-RICH-BAY                       NaN           NaN              NaN            NaN             NaN            NaN        NaN      0.0000         NaN
CORN-JPN                            NaN           NaN              NaN            NaN             NaN            NaN        NaN      0.0000         NaN
CRYPTO_small                        NaN           NaN              NaN            NaN             NaN            NaN        NaN      0.0000         NaN
DIVDAX-DIVI                         NaN           NaN              NaN            NaN             NaN            NaN        NaN      0.0000         NaN
DIVDAX-DIVI2                        NaN           NaN              NaN            NaN             NaN            NaN        NaN      0.0000         NaN
DJUBS                               NaN           NaN              NaN            NaN             NaN            NaN        NaN      0.0000         NaN
DOW_YEN                             NaN           NaN              NaN            NaN             NaN            NaN        NaN      0.0000         NaN
EPRA-EURO                           NaN           NaN              NaN            NaN             NaN            NaN        NaN      0.0000         NaN
ETHRR                               NaN           NaN              NaN            NaN             NaN            NaN        NaN      0.0000         NaN
ETHRREUR                            NaN           NaN              NaN            NaN             NaN            NaN        NaN      0.0000         NaN
EU-BANKS2                           NaN           NaN              NaN            NaN             NaN            NaN        NaN      0.0000         NaN
EU-DIV30-DVP                        NaN           NaN              NaN            NaN             NaN            NaN        NaN      0.0000         NaN
EU-DJ-AUTO                          NaN           NaN              NaN            NaN             NaN            NaN        NaN      0.0000         NaN
EU-DJ-BASIC                         NaN           NaN              NaN            NaN             NaN            NaN        NaN      0.0000         NaN
EU-DJ-CONSTRUCTION                  NaN           NaN              NaN            NaN             NaN            NaN        NaN      0.0000         NaN
EU-DJ-HOUSE                         NaN           NaN              NaN            NaN             NaN            NaN        NaN      0.0000         NaN
EU-DJ-INDUSTRY2                     NaN           NaN              NaN            NaN             NaN            NaN        NaN      0.0000         NaN
EU-DJ-TRAVEL                        NaN           NaN              NaN            NaN             NaN            NaN        NaN      0.0000         NaN
EU-ESG                              NaN           NaN              NaN            NaN             NaN            NaN        NaN      0.0000         NaN
EU-TELECOM                          NaN           NaN              NaN            NaN             NaN            NaN        NaN      0.0000         NaN
EUIRS10                             NaN           NaN              NaN            NaN             NaN            NaN        NaN      0.0000         NaN
EUIRS2                              NaN           NaN              NaN            NaN             NaN            NaN        NaN      0.0000         NaN
EUIRS5                              NaN           NaN              NaN            NaN             NaN            NaN        NaN      0.0000         NaN
EUR-ICE                             NaN           NaN              NaN            NaN             NaN            NaN        NaN      0.0000         NaN
EURAUD-ICE                          NaN           NaN              NaN            NaN             NaN            NaN        NaN      0.0000         NaN
EURCAD-ICE                          NaN           NaN              NaN            NaN             NaN            NaN        NaN      0.0000         NaN
EURCHF-ICE                          NaN           NaN              NaN            NaN             NaN            NaN        NaN      0.0000         NaN
EURCZK                              NaN           NaN              NaN            NaN             NaN            NaN        NaN      0.0000         NaN
EURHUF                              NaN           NaN              NaN            NaN             NaN            NaN        NaN      0.0000         NaN
EURINR                              NaN           NaN              NaN            NaN             NaN            NaN        NaN      0.0000         NaN
EURMXP                              NaN           NaN              NaN            NaN             NaN            NaN        NaN      0.0000         NaN
EURO600-ESG                         NaN           NaN              NaN            NaN             NaN            NaN        NaN      0.0000         NaN
EUROFIRST100                        NaN           NaN              NaN            NaN             NaN            NaN        NaN      0.0000         NaN
EUROFIRST80                         NaN           NaN              NaN            NaN             NaN            NaN        NaN      0.0000         NaN
EUROSTX-CORE                        NaN           NaN              NaN            NaN             NaN            NaN        NaN      0.0000         NaN
EUROSTX-DJ                          NaN           NaN              NaN            NaN             NaN            NaN        NaN      0.0000         NaN
FTSE100-DIV                         NaN           NaN              NaN            NaN             NaN            NaN        NaN      0.0000         NaN
FTSEAFRICA40                        NaN           NaN              NaN            NaN             NaN            NaN        NaN      0.0000         NaN
FTSECHINAA-CSOP                     NaN           NaN              NaN            NaN             NaN            NaN        NaN      0.0000         NaN
FTSECHINAA-IS                       NaN           NaN              NaN            NaN             NaN            NaN        NaN      0.0000         NaN
GAS_NL                              NaN           NaN              NaN            NaN             NaN            NaN        NaN      0.0000         NaN
GAS_UK                              NaN           NaN              NaN            NaN             NaN            NaN        NaN      0.0000         NaN
GBP-ICE                             NaN           NaN              NaN            NaN             NaN            NaN        NaN      0.0000         NaN
GBPCHF-ICE                          NaN           NaN              NaN            NaN             NaN            NaN        NaN      0.0000         NaN
GBPEUR-ICE                          NaN           NaN              NaN            NaN             NaN            NaN        NaN      0.0000         NaN
GBPINR                              NaN           NaN              NaN            NaN             NaN            NaN        NaN      0.0000         NaN
GBPJPY-ICE                          NaN           NaN              NaN            NaN             NaN            NaN        NaN      0.0000         NaN
GICS-EXCESS                         NaN           NaN              NaN            NaN             NaN            NaN        NaN      0.0000         NaN
GILT2                               NaN           NaN              NaN            NaN             NaN            NaN        NaN      0.0000         NaN
GILT5                               NaN           NaN              NaN            NaN             NaN            NaN        NaN      0.0000         NaN
GOLD-CHINA-USD                      NaN           NaN              NaN            NaN             NaN            NaN        NaN      0.0000         NaN
GOLD-CN-HK                          NaN           NaN              NaN            NaN             NaN            NaN        NaN      0.0000         NaN
GOLD-HK                             NaN           NaN              NaN            NaN             NaN            NaN        NaN      0.0000         NaN
GOLD-JPN                            NaN           NaN              NaN            NaN             NaN            NaN        NaN      0.0000         NaN
GOLD-JPN_mini                       NaN           NaN              NaN            NaN             NaN            NaN        NaN      0.0000         NaN
HANG-DIV                            NaN           NaN              NaN            NaN             NaN            NaN        NaN      0.0000         NaN
HANG-TECH                           NaN           NaN              NaN            NaN             NaN            NaN        NaN      0.0000         NaN
HANGENT-GTR                         NaN           NaN              NaN            NaN             NaN            NaN        NaN      0.0000         NaN
HANGENT-NTR                         NaN           NaN              NaN            NaN             NaN            NaN        NaN      0.0000         NaN
HEAT-DEG-AMS                        NaN           NaN              NaN            NaN             NaN            NaN        NaN      0.0000         NaN
HEAT-DEG-LON                        NaN           NaN              NaN            NaN             NaN            NaN        NaN      0.0000         NaN
HEAT-DEG-NY                         NaN           NaN              NaN            NaN             NaN            NaN        NaN      0.0000         NaN
HEATOIL_micro                       NaN           NaN              NaN            NaN             NaN            NaN        NaN      0.0000         NaN
HIBOR                               NaN           NaN              NaN            NaN             NaN            NaN        NaN      0.0000         NaN
HOUSE-DC                            NaN           NaN              NaN            NaN             NaN            NaN        NaN      0.0000         NaN
HSCEI-DIV                           NaN           NaN              NaN            NaN             NaN            NaN        NaN      0.0000         NaN
HUFEUR                              NaN           NaN              NaN            NaN             NaN            NaN        NaN      0.0000         NaN
IBXEX                               NaN           NaN              NaN            NaN             NaN            NaN        NaN      0.0000         NaN
IND-BANK                            NaN           NaN              NaN            NaN             NaN            NaN        NaN      0.0000         NaN
IND-FIN                             NaN           NaN              NaN            NaN             NaN            NaN        NaN      0.0000         NaN
INR-SGX1                            NaN           NaN              NaN            NaN             NaN            NaN        NaN      0.0000         NaN
INR-SGX2                            NaN           NaN              NaN            NaN             NaN            NaN        NaN      0.0000         NaN
IPC                                 NaN           NaN              NaN            NaN             NaN            NaN        NaN      0.0000         NaN
IRON-CME                            NaN           NaN              NaN            NaN             NaN            NaN        NaN      0.0000         NaN
JPYINR                              NaN           NaN              NaN            NaN             NaN            NaN        NaN      0.0000         NaN
JPY_micro                           NaN           NaN              NaN            NaN             NaN            NaN        NaN      0.0000         NaN
KOSPI300                            NaN           NaN              NaN            NaN             NaN            NaN        NaN      0.0000         NaN
KRWJPY                              NaN           NaN              NaN            NaN             NaN            NaN        NaN      0.0000         NaN
MARS-ARGUS                          NaN           NaN              NaN            NaN             NaN            NaN        NaN      0.0000         NaN
MIB-DIVI                            NaN           NaN              NaN            NaN             NaN            NaN        NaN      0.0000         NaN
MIB_micro                           NaN           NaN              NaN            NaN             NaN            NaN        NaN      0.0000         NaN
MIB_mini                            NaN           NaN              NaN            NaN             NaN            NaN        NaN      0.0000         NaN
MSCIASIAEXJP                        NaN           NaN              NaN            NaN             NaN            NaN        NaN      0.0000         NaN
MSCIBRAZIL                          NaN           NaN              NaN            NaN             NaN            NaN        NaN      0.0000         NaN
MSCICHINA                           NaN           NaN              NaN            NaN             NaN            NaN        NaN      0.0000         NaN
MSCICHINANET                        NaN           NaN              NaN            NaN             NaN            NaN        NaN      0.0000         NaN
MSCIEAFA-TOT                        NaN           NaN              NaN            NaN             NaN            NaN        NaN      0.0000         NaN
MSCIEM                              NaN           NaN              NaN            NaN             NaN            NaN        NaN      0.0000         NaN
MSCIEM-LIFFE                        NaN           NaN              NaN            NaN             NaN            NaN        NaN      0.0000         NaN
MSCIEURONET                         NaN           NaN              NaN            NaN             NaN            NaN        NaN      0.0000         NaN
MSCIEURONET-ICE                     NaN           NaN              NaN            NaN             NaN            NaN        NaN      0.0000         NaN
MSCIEUROPE                          NaN           NaN              NaN            NaN             NaN            NaN        NaN      0.0000         NaN
MSCIEUROPE-ICE                      NaN           NaN              NaN            NaN             NaN            NaN        NaN      0.0000         NaN
MSCIEUROPE-LIFFE                    NaN           NaN              NaN            NaN             NaN            NaN        NaN      0.0000         NaN
MSCIINDO                            NaN           NaN              NaN            NaN             NaN            NaN        NaN      0.0000         NaN
MSCIJAPAN                           NaN           NaN              NaN            NaN             NaN            NaN        NaN      0.0000         NaN
MSCIJAPAN-LIFFE                     NaN           NaN              NaN            NaN             NaN            NaN        NaN      0.0000         NaN
MSCILATIN                           NaN           NaN              NaN            NaN             NaN            NaN        NaN      0.0000         NaN
MSCIPACIFIC                         NaN           NaN              NaN            NaN             NaN            NaN        NaN      0.0000         NaN
MSCIPANEURO-LIFFE                   NaN           NaN              NaN            NaN             NaN            NaN        NaN      0.0000         NaN
MSCIUSA                             NaN           NaN              NaN            NaN             NaN            NaN        NaN      0.0000         NaN
MSCIWORLD-MINVOL                    NaN           NaN              NaN            NaN             NaN            NaN        NaN      0.0000         NaN
MSCIWORLDNET-EUR                    NaN           NaN              NaN            NaN             NaN            NaN        NaN      0.0000         NaN
MSCIWORLDNET-ICE                    NaN           NaN              NaN            NaN             NaN            NaN        NaN      0.0000         NaN
MSCIWORLDNET-USD                    NaN           NaN              NaN            NaN             NaN            NaN        NaN      0.0000         NaN
NASDAQ_mini                         NaN           NaN              NaN            NaN             NaN            NaN        NaN      0.0000         NaN
NIFTY-IN                            NaN           NaN              NaN            NaN             NaN            NaN        NaN      0.0000         NaN
NIKKEI-CME                          NaN           NaN              NaN            NaN             NaN            NaN        NaN      0.0000         NaN
NIKKEI-JPY_mini                     NaN           NaN              NaN            NaN             NaN            NaN        NaN      0.0000         NaN
NIKKEI-SGX                          NaN           NaN              NaN            NaN             NaN            NaN        NaN      0.0000         NaN
NIKKEI-SGX-DIV                      NaN           NaN              NaN            NaN             NaN            NaN        NaN      0.0000         NaN
NIKKEI-SGX-USD                      NaN           NaN              NaN            NaN             NaN            NaN        NaN      0.0000         NaN
NIKKEI-SGX_mini                     NaN           NaN              NaN            NaN             NaN            NaN        NaN      0.0000         NaN
NIKKEI_large                        NaN           NaN              NaN            NaN             NaN            NaN        NaN      0.0000         NaN
OAT5                                NaN           NaN              NaN            NaN             NaN            NaN        NaN      0.0000         NaN
OMX-SWE                             NaN           NaN              NaN            NaN             NaN            NaN        NaN      0.0000         NaN
OMXESG                              NaN           NaN              NaN            NaN             NaN            NaN        NaN      0.0000         NaN
OMXSB                               NaN           NaN              NaN            NaN             NaN            NaN        NaN      0.0000         NaN
PIPELINE                            NaN           NaN              NaN            NaN             NaN            NaN        NaN      0.0000         NaN
PLAT-JPN                            NaN           NaN              NaN            NaN             NaN            NaN        NaN      0.0000         NaN
PLAT-JPN_mini                       NaN           NaN              NaN            NaN             NaN            NaN        NaN      0.0000         NaN
PRECIOUS_small                      NaN           NaN              NaN            NaN             NaN            NaN        NaN      0.0000         NaN
RUSSELL-GROWTH                      NaN           NaN              NaN            NaN             NaN            NaN        NaN      0.0000         NaN
RUSSELL-VALUE                       NaN           NaN              NaN            NaN             NaN            NaN        NaN      0.0000         NaN
SING-REALESTATE                     NaN           NaN              NaN            NaN             NaN            NaN        NaN      0.0000         NaN
SMALL75                             NaN           NaN              NaN            NaN             NaN            NaN        NaN      0.0000         NaN
SMI-DIV                             NaN           NaN              NaN            NaN             NaN            NaN        NaN      0.0000         NaN
SMIETF                              NaN           NaN              NaN            NaN             NaN            NaN        NaN      0.0000         NaN
SONIA                               NaN           NaN              NaN            NaN             NaN            NaN        NaN      0.0000         NaN
SONIA1                              NaN           NaN              NaN            NaN             NaN            NaN        NaN      0.0000         NaN
SP500-GROWTH                        NaN           NaN              NaN            NaN             NaN            NaN        NaN      0.0000         NaN
SP500-VALUE                         NaN           NaN              NaN            NaN             NaN            NaN        NaN      0.0000         NaN
SP500_mini                          NaN           NaN              NaN            NaN             NaN            NaN        NaN      0.0000         NaN
SP600-SMALL                         NaN           NaN              NaN            NaN             NaN            NaN        NaN      0.0000         NaN
SS-AIA-GROUP                        NaN           NaN              NaN            NaN             NaN            NaN        NaN      0.0000         NaN
SS-ALIBABA-HLDS                     NaN           NaN              NaN            NaN             NaN            NaN        NaN      0.0000         NaN
SS-ASML                             NaN           NaN              NaN            NaN             NaN            NaN        NaN      0.0000         NaN
SS-ASS-GEN                          NaN           NaN              NaN            NaN             NaN            NaN        NaN      0.0000         NaN
SS-BAIDU                            NaN           NaN              NaN            NaN             NaN            NaN        NaN      0.0000         NaN
SS-BANK-CHINA                       NaN           NaN              NaN            NaN             NaN            NaN        NaN      0.0000         NaN
SS-BOC-HONG-KONG                    NaN           NaN              NaN            NaN             NaN            NaN        NaN      0.0000         NaN
SS-BUDWEISER-BREWING                NaN           NaN              NaN            NaN             NaN            NaN        NaN      0.0000         NaN
SS-BYD-CO                           NaN           NaN              NaN            NaN             NaN            NaN        NaN      0.0000         NaN
SS-CHINA-CONSTR-BK                  NaN           NaN              NaN            NaN             NaN            NaN        NaN      0.0000         NaN
SS-CHINA-MERCH-BANK                 NaN           NaN              NaN            NaN             NaN            NaN        NaN      0.0000         NaN
SS-CHINA-MOBILE                     NaN           NaN              NaN            NaN             NaN            NaN        NaN      0.0000         NaN
SS-CHINA-UNICOM-HK                  NaN           NaN              NaN            NaN             NaN            NaN        NaN      0.0000         NaN
SS-CITIC-LTD                        NaN           NaN              NaN            NaN             NaN            NaN        NaN      0.0000         NaN
SS-CK-HUTCHISON                     NaN           NaN              NaN            NaN             NaN            NaN        NaN      0.0000         NaN
SS-CLP-HOLDINGS                     NaN           NaN              NaN            NaN             NaN            NaN        NaN      0.0000         NaN
SS-CNOOC                            NaN           NaN              NaN            NaN             NaN            NaN        NaN      0.0000         NaN
SS-DTE                              NaN           NaN              NaN            NaN             NaN            NaN        NaN      0.0000         NaN
SS-ENEL-SPA                         NaN           NaN              NaN            NaN             NaN            NaN        NaN      0.0000         NaN
SS-HDFC                             NaN           NaN              NaN            NaN             NaN            NaN        NaN      0.0000         NaN
SS-HEINK                            NaN           NaN              NaN            NaN             NaN            NaN        NaN      0.0000         NaN
SS-HIND-UNILV                       NaN           NaN              NaN            NaN             NaN            NaN        NaN      0.0000         NaN
SS-HK-CHINA-GAS                     NaN           NaN              NaN            NaN             NaN            NaN        NaN      0.0000         NaN
SS-HK-EXCH-CLEAR                    NaN           NaN              NaN            NaN             NaN            NaN        NaN      0.0000         NaN
SS-HOUS-DEV-FIN                     NaN           NaN              NaN            NaN             NaN            NaN        NaN      0.0000         NaN
SS-HSBC-HLDS                        NaN           NaN              NaN            NaN             NaN            NaN        NaN      0.0000         NaN
SS-IBERDROLA                        NaN           NaN              NaN            NaN             NaN            NaN        NaN      0.0000         NaN
SS-IND-COMM-BK-OF-CHINA             NaN           NaN              NaN            NaN             NaN            NaN        NaN      0.0000         NaN
SS-IND-DIS-TEXT                     NaN           NaN              NaN            NaN             NaN            NaN        NaN      0.0000         NaN
SS-INFOSYS                          NaN           NaN              NaN            NaN             NaN            NaN        NaN      0.0000         NaN
SS-JD-COM                           NaN           NaN              NaN            NaN             NaN            NaN        NaN      0.0000         NaN
SS-KOTAK-BANK                       NaN           NaN              NaN            NaN             NaN            NaN        NaN      0.0000         NaN
SS-LOREAL                           NaN           NaN              NaN            NaN             NaN            NaN        NaN      0.0000         NaN
SS-MEITUAN-B                        NaN           NaN              NaN            NaN             NaN            NaN        NaN      0.0000         NaN
SS-NETEASE                          NaN           NaN              NaN            NaN             NaN            NaN        NaN      0.0000         NaN
SS-NONGFU                           NaN           NaN              NaN            NaN             NaN            NaN        NaN      0.0000         NaN
SS-OVERSEA-CH-BK                    NaN           NaN              NaN            NaN             NaN            NaN        NaN      0.0000         NaN
SS-PING-AN-INSURANCE                NaN           NaN              NaN            NaN             NaN            NaN        NaN      0.0000         NaN
SS-POWER-ASSETS-HLDS                NaN           NaN              NaN            NaN             NaN            NaN        NaN      0.0000         NaN
SS-RELIANCE                         NaN           NaN              NaN            NaN             NaN            NaN        NaN      0.0000         NaN
SS-ROCHE                            NaN           NaN              NaN            NaN             NaN            NaN        NaN      0.0000         NaN
SS-SING-TEL                         NaN           NaN              NaN            NaN             NaN            NaN        NaN      0.0000         NaN
SS-SUN-HUNG-KAI                     NaN           NaN              NaN            NaN             NaN            NaN        NaN      0.0000         NaN
SS-TATA                             NaN           NaN              NaN            NaN             NaN            NaN        NaN      0.0000         NaN
SS-TENCENT-HLDS                     NaN           NaN              NaN            NaN             NaN            NaN        NaN      0.0000         NaN
SS-THAI-BEV                         NaN           NaN              NaN            NaN             NaN            NaN        NaN      0.0000         NaN
SS-TOTAL-ENERGIES                   NaN           NaN              NaN            NaN             NaN            NaN        NaN      0.0000         NaN
SS-UNICREDIT-SPA                    NaN           NaN              NaN            NaN             NaN            NaN        NaN      0.0000         NaN
SS-VW                               NaN           NaN              NaN            NaN             NaN            NaN        NaN      0.0000         NaN
SS-WHARF-HLDS                       NaN           NaN              NaN            NaN             NaN            NaN        NaN      0.0000         NaN
SS-WUXI-BIOLOGICS                   NaN           NaN              NaN            NaN             NaN            NaN        NaN      0.0000         NaN
SS-XIAOMI                           NaN           NaN              NaN            NaN             NaN            NaN        NaN      0.0000         NaN
SS-YES-BANK                         NaN           NaN              NaN            NaN             NaN            NaN        NaN      0.0000         NaN
SS-ZUR-INSR                         NaN           NaN              NaN            NaN             NaN            NaN        NaN      0.0000         NaN
TECDAX                              NaN           NaN              NaN            NaN             NaN            NaN        NaN      0.0000         NaN
TECH60_small                        NaN           NaN              NaN            NaN             NaN            NaN        NaN      0.0000         NaN
TOPIX30                             NaN           NaN              NaN            NaN             NaN            NaN        NaN      0.0000         NaN
TOPIX_Large                         NaN           NaN              NaN            NaN             NaN            NaN        NaN      0.0000         NaN
TSE60                               NaN           NaN              NaN            NaN             NaN            NaN        NaN      0.0000         NaN
TSX                                 NaN           NaN              NaN            NaN             NaN            NaN        NaN      0.0000         NaN
UMBS-20                             NaN           NaN              NaN            NaN             NaN            NaN        NaN      0.0000         NaN
UMBS-25                             NaN           NaN              NaN            NaN             NaN            NaN        NaN      0.0000         NaN
UMBS-30                             NaN           NaN              NaN            NaN             NaN            NaN        NaN      0.0000         NaN
UMBS-35                             NaN           NaN              NaN            NaN             NaN            NaN        NaN      0.0000         NaN
UMBS-40                             NaN           NaN              NaN            NaN             NaN            NaN        NaN      0.0000         NaN
UMBS-45                             NaN           NaN              NaN            NaN             NaN            NaN        NaN      0.0000         NaN
UMBS-50                             NaN           NaN              NaN            NaN             NaN            NaN        NaN      0.0000         NaN
URANIUM                             NaN           NaN              NaN            NaN             NaN            NaN        NaN      0.0000         NaN
US-BIOTECH                          NaN           NaN              NaN            NaN             NaN            NaN        NaN      0.0000         NaN
US-INSURE                           NaN           NaN              NaN            NaN             NaN            NaN        NaN      0.0000         NaN
US-OILGAS                           NaN           NaN              NaN            NaN             NaN            NaN        NaN      0.0000         NaN
US-REGBANK                          NaN           NaN              NaN            NaN             NaN            NaN        NaN      0.0000         NaN
US-RETAIL                           NaN           NaN              NaN            NaN             NaN            NaN        NaN      0.0000         NaN
US-SEMICONDUCTOR                    NaN           NaN              NaN            NaN             NaN            NaN        NaN      0.0000         NaN
US10Y_micro                         NaN           NaN              NaN            NaN             NaN            NaN        NaN      0.0000         NaN
US10Y_small                         NaN           NaN              NaN            NaN             NaN            NaN        NaN      0.0000         NaN
US2Y_micro                          NaN           NaN              NaN            NaN             NaN            NaN        NaN      0.0000         NaN
US2Y_small                          NaN           NaN              NaN            NaN             NaN            NaN        NaN      0.0000         NaN
US30Y_micro                         NaN           NaN              NaN            NaN             NaN            NaN        NaN      0.0000         NaN
US30Y_small                         NaN           NaN              NaN            NaN             NaN            NaN        NaN      0.0000         NaN
US5Y_micro                          NaN           NaN              NaN            NaN             NaN            NaN        NaN      0.0000         NaN
USDCAD_micro                        NaN           NaN              NaN            NaN             NaN            NaN        NaN      0.0000         NaN
USDCHF_micro                        NaN           NaN              NaN            NaN             NaN            NaN        NaN      0.0000         NaN
USDCNH-CME                          NaN           NaN              NaN            NaN             NaN            NaN        NaN      0.0000         NaN
USDCNH-HK                           NaN           NaN              NaN            NaN             NaN            NaN        NaN      0.0000         NaN
USDCNH-SGX_mini                     NaN           NaN              NaN            NaN             NaN            NaN        NaN      0.0000         NaN
USDINR                              NaN           NaN              NaN            NaN             NaN            NaN        NaN      0.0000         NaN
USDMXP                              NaN           NaN              NaN            NaN             NaN            NaN        NaN      0.0000         NaN
USD_small                           NaN           NaN              NaN            NaN             NaN            NaN        NaN      0.0000         NaN
USIRS10ERIS                         NaN           NaN              NaN            NaN             NaN            NaN        NaN      0.0000         NaN
USIRS10_ICE                         NaN           NaN              NaN            NaN             NaN            NaN        NaN      0.0000         NaN
USIRS12ERIS                         NaN           NaN              NaN            NaN             NaN            NaN        NaN      0.0000         NaN
USIRS15ERIS                         NaN           NaN              NaN            NaN             NaN            NaN        NaN      0.0000         NaN
USIRS2                              NaN           NaN              NaN            NaN             NaN            NaN        NaN      0.0000         NaN
USIRS20ERIS                         NaN           NaN              NaN            NaN             NaN            NaN        NaN      0.0000         NaN
USIRS2_ICE                          NaN           NaN              NaN            NaN             NaN            NaN        NaN      0.0000         NaN
USIRS3ERIS                          NaN           NaN              NaN            NaN             NaN            NaN        NaN      0.0000         NaN
USIRS4ERIS                          NaN           NaN              NaN            NaN             NaN            NaN        NaN      0.0000         NaN
USIRS5_ICE                          NaN           NaN              NaN            NaN             NaN            NaN        NaN      0.0000         NaN
USIRS7ERIS                          NaN           NaN              NaN            NaN             NaN            NaN        NaN      0.0000         NaN
VHANG                               NaN           NaN              NaN            NaN             NaN            NaN        NaN      0.0000         NaN
VOLQ                                NaN           NaN              NaN            NaN             NaN            NaN        NaN      0.0000         NaN
WATER-CALI                          NaN           NaN              NaN            NaN             NaN            NaN        NaN      0.0000         NaN
WHEAT-ASX                           NaN           NaN              NaN            NaN             NaN            NaN        NaN      0.0000         NaN
WTI_small                           NaN           NaN              NaN            NaN             NaN            NaN        NaN      0.0000         NaN
YENEUR-ICE                          NaN           NaN              NaN            NaN             NaN            NaN        NaN      0.0000         NaN

* indicates currently held position

========================================================================================================================================================
                                                            Check of slippage, in tick units                                                            
========================================================================================================================================================

                         bid_ask_trades  total_trades  bid_ask_sampled  weight_trades  weight_samples  weight_config    estimate  Configured  Difference
KOSPI_mini                         1.75         -2.25           4.0000           0.04            0.75           0.21      3.2750      0.9500       244.8
EU-TECH                           25.75         24.25          12.5000           0.03            0.85           0.13     11.8350      4.7000       151.8
SILVER                             4.00         -4.00           2.0000           0.05            0.80           0.16      1.9000      0.8000       138.3
CRUDE_ICE                           NaN           NaN           2.5000           0.00            0.88           0.12      2.3200      1.0000       131.7
GASOILINE_ICE                       NaN           NaN           9.0000           0.00            0.88           0.12      8.0000      4.0000       125.7
HANGENT_mini                       9.00          9.50           1.5000           0.52            0.00           0.47      6.2943      2.8000       124.8
EU-DJ-OIL                           NaN           NaN          14.0000           0.00            0.87           0.13     12.9520      6.1000       112.3
EU-UTILS                            NaN           NaN           8.5000           0.00            0.87           0.13      7.9240      3.9000       103.2
HEATOIL-ICE                         NaN           NaN          15.0000           0.00            0.88           0.12     14.0000      7.0000       103.1
HEATOIL                             NaN           NaN           8.0000           0.00            0.84           0.16      7.0000      3.0000       100.8
GOLD-mini                           NaN           NaN           2.0000           0.00            0.83           0.17      1.8272      0.9600        90.3
COAL                                NaN           NaN          24.5000           0.00            0.86           0.14     22.8100     12.0000        90.1
MSCITAIWAN                         5.25          4.75           7.6000           0.17            0.59           0.24      6.1710      3.3000        87.0
GASOIL                              NaN           NaN           1.0000           0.00            0.88           0.12      0.9412      0.5200        81.0
FTSETAIWAN                          NaN           NaN           1.5000           0.00            0.75           0.25      1.3024      0.7200        80.9
EU-FOOD                             NaN           NaN           7.5000           0.00            0.87           0.13      7.0450      3.9000        80.6
PLAT                                NaN           NaN           4.5000           0.00            0.84           0.16      4.1390      2.3000        80.0
EU-DJ-UTIL                          NaN           NaN           8.0000           0.00            0.87           0.13      7.5260      4.3000        75.0
FTSE250                             NaN           NaN          17.5000           0.00            0.88           0.12     16.5058      9.5000        73.7
KOSPI                               NaN           NaN           1.0000           0.00            0.79           0.21      0.8980      0.5200        72.8
EU-MID                              NaN           NaN          13.7500           0.00            0.88           0.12     12.9840      7.6000        70.8
SUGAR16                             NaN           NaN       12000.0000           0.00            0.64           0.36   9706.0000   5700.0000        70.3
MSCIEMASIA                         9.50         77.00           5.0000           0.08            0.75           0.17     11.2860      6.8000        66.0
EUROSTX-LARGE                       NaN           NaN          11.0000           0.00            0.88           0.12     10.4140      6.3000        65.3
ALUMINIUM                         11.50         11.00           7.5000           0.07            0.77           0.16      7.2532      4.4000        64.8
TWD                                 NaN           NaN       18000.0000           0.00            0.79           0.21  16360.0000  10000.0000        63.6
EU-HOUSE                            NaN           NaN          22.2500           0.00            0.87           0.13     21.0800     13.0000        62.2
EU-DJ-TELECOM                       NaN           NaN           6.5000           0.00            0.87           0.13      6.1590      3.8000        62.1
EU-BASIC*                           NaN           NaN              NaN           0.06            0.82           0.12         NaN         NaN        60.5
EU-OIL                            33.00          7.50           4.0000           0.07            0.81           0.12      5.9940      3.8000        57.7
EU-HEALTH                           NaN           NaN          20.5000           0.00            0.87           0.13     19.5620     13.0000        50.5
GOLD                                NaN           NaN           2.5000           0.00            0.83           0.17      2.3460      1.6000        46.6
TIN_LME                             NaN           NaN          30.0000           0.00            0.87           0.13     28.7267     20.0000        43.6
GASOILINE*                          NaN           NaN              NaN           0.10            0.75           0.15         NaN         NaN        43.0
FEEDCOW                             NaN           NaN         250.0000           0.00            0.74           0.26    226.8000    160.0000        41.7
EU-AUTO*                            NaN           NaN              NaN           0.01            0.86           0.12         NaN         NaN        37.9
EU-CONSTRUCTION                     NaN           NaN           9.0000           0.00            0.87           0.13      8.6600      6.3000        37.5
EU-CHEM                             NaN           NaN          15.5000           0.00            0.87           0.13     14.9370     11.0000        35.8
GICS                                NaN           NaN          16.0000           0.00            0.83           0.17     15.1800     11.2000        35.5
EU-DJ-TECH                          NaN           NaN          29.0000           0.00            0.87           0.13     27.9950     21.0000        33.3
EUROSTX-SMALL                       NaN           NaN           7.0000           0.00            0.87           0.13      6.7620      5.1000        32.6
MSCISING*                           NaN           NaN              NaN           0.16            0.67           0.17         NaN         NaN        32.1
EU-REALESTATE                       NaN           NaN           2.0000           0.00            0.87           0.13      1.9370      1.5000        29.2
PALLAD                              NaN           NaN           1.5000           0.00            0.84           0.16      1.4376      1.1200        28.4
SUGAR11*                            NaN           NaN              NaN           0.07            0.70           0.23         NaN         NaN        27.9
DOW_mini                            NaN           NaN           1.0000           0.00            0.83           0.17      0.9581      0.7500        27.8
R1000                              5.00          4.50           3.5000           0.03            0.80           0.16      3.4180      2.7000        26.6
GOLD_micro                         1.50          3.00           1.5000           0.19            0.68           0.13      1.7670      1.4000        26.2
DX                                 2.50          4.50           1.0000           0.06            0.79           0.15      1.2000      0.9600        25.9
BUTTER                              NaN           NaN        5250.0000           0.00            0.82           0.18   5030.4000   4000.0000        25.8
NASDAQ_micro                       2.25         -2.75           1.0000           0.17            0.69           0.14      1.2048      0.9600        25.5
CORN_mini                           NaN           NaN         150.0000           0.00            0.75           0.25    140.4000    112.0000        25.4
EU-DIV30                            NaN           NaN           2.5000           0.00            0.87           0.13      2.4298      1.9400        25.3
EU-TRAVEL                           NaN           NaN           5.5000           0.00            0.87           0.13      5.3450      4.3000        24.3
BONO                                NaN           NaN           6.0000           0.00            0.88           0.12      5.8400      4.7000        24.2
US-DISCRETE                         NaN           NaN           5.5000           0.00            0.83           0.17      5.2980      4.3000        23.2
BRENT-LAST*                         NaN           NaN              NaN           0.05            0.80           0.16         NaN         NaN        23.0
DAX                                1.50          0.25           1.5000           0.26            0.65           0.09      1.4722      1.2000        22.7
EU-BANKS*                           NaN           NaN              NaN           0.08            0.81           0.11         NaN         NaN        22.5
MIB                                0.50        -15.50           1.0000           0.04            0.83           0.13      0.9530      0.7800        22.2
EU-RETAIL                           NaN           NaN           8.5000           0.00            0.87           0.13      8.2800      6.8000        21.8
JPY_mini                            NaN           NaN           0.0000           0.00            0.83           0.17      0.0000      0.0000        20.8
CH10                                NaN           NaN          31.0000           0.00            0.85           0.15     30.1300     25.0000        20.5
JP-REALESTATE                       NaN           NaN           2.5000           0.00            0.79           0.21      2.3974      2.0000        19.9
EU-MEDIA                            NaN           NaN           5.0000           0.00            0.87           0.13      4.8830      4.1000        19.1
FTSEINDO                            NaN           NaN          31.0000           0.00            0.79           0.21     29.7483     25.0000        19.0
EUROSTX200-LARGE                    NaN           NaN          11.0000           0.00            0.88           0.12     10.7880      9.3000        16.0
CRUDE_W_micro                      2.00          2.00           2.0000           0.38            0.52           0.10      1.9700      1.7000        15.9
MSCIASIA                            NaN           NaN           4.0000           0.00            0.88           0.12      3.9250      3.4000        15.4
US-UTILS                            NaN           NaN           2.0000           0.00            0.83           0.17      1.9500      1.7000        14.7
MSCIEAFA                           1.00         -6.00           1.5000           0.16            0.70           0.14      1.3760      1.2000        14.7
NASDAQ                              NaN           NaN           1.5000           0.00            0.83           0.17      1.4632      1.2800        14.3
US-INDUSTRY                         NaN           NaN           3.5000           0.00            0.83           0.17      3.4150      3.0000        13.8
WHEY                                NaN           NaN        2750.0000           0.00            0.83           0.17   2682.0000   2360.0000        13.6
COPPER-micro                       1.60          2.00           1.6000           0.21            0.66           0.13      1.6000      1.4000        13.6
EU-INSURE                           NaN           NaN           4.5000           0.00            0.87           0.13      4.4250      3.9000        13.5
MXP                                0.00          0.00           0.0000           0.23            0.64           0.13      0.0000      0.0000        13.1
IBEX_mini                          2.50          6.25           2.5000           0.09            0.79           0.12      2.8193      2.5000        12.8
VNKI                                NaN           NaN           6.0000           0.00            0.79           0.21      5.8300      5.2000        12.1
CAC                                1.00         -0.50           1.0000           0.07            0.81           0.12      0.9858      0.8800        12.0
MSCIWORLD                           NaN           NaN          54.5000           0.00            0.88           0.12     53.6888     48.0000        11.9
WHEAT_ICE                           NaN           NaN          10.0000           0.00            0.84           0.16      9.8040      8.8000        11.4
HANG_mini                          2.75         -1.75           2.0000           0.28            0.00           0.71      2.2133      2.0000        10.7
JPY                                0.00          0.00           0.0000           0.35            0.54           0.11      0.0000      0.0000         9.5
EURAUD                              NaN           NaN           2.0000           0.00            0.83           0.17      2.0000      2.0000         9.3
AEX*                                NaN           NaN              NaN           0.11            0.77           0.11         NaN         NaN         8.5
FTSE100                             NaN           NaN         100.0000           0.00            0.88           0.12     99.2600     94.0000         5.6
GBP_micro                           NaN           NaN           1.0000           0.00            0.83           0.17      1.0000      1.0000         5.3
RUSSELL_mini                        NaN           NaN           1.0000           0.00            0.83           0.17      0.9900      0.9400         5.3
NIKKEI400                           NaN           NaN           1.0000           0.00            0.79           0.21      0.9877      0.9400         5.1
MILKDRY                             NaN           NaN        3600.0000           0.00            0.82           0.18   3564.8000   3400.0000         4.9
COPPER-mini                         NaN           NaN           1.0000           0.00            0.83           0.17      1.0000      0.9500         4.4
EUROSTX                            0.50          0.50           0.5000           0.11            0.78           0.11      0.4978      0.4800         3.7
TOPIX                              1.00          1.00           1.0000           0.35            0.52           0.13      0.9948      0.9600         3.6
SMI                                1.00          1.75           1.0000           0.05            0.83           0.12      1.0356      1.0000         3.6
COPPER                              NaN           NaN           1.6000           0.00            0.84           0.16      1.4000      1.4000         3.5
CRUDE_W_mini                        NaN           NaN           1.0000           0.00            0.84           0.16      0.9920      0.9600         3.5
VIX_mini                            NaN           NaN           2.5000           0.00            0.83           0.17      2.4800      2.4000         3.5
MILLWHEAT*                          NaN           NaN              NaN           0.02            0.79           0.19         NaN         NaN         3.4
LIVECOW                          100.00        100.00         100.0000           0.21            0.59           0.21     99.2000     96.0000         3.3
FANG                                NaN           NaN          57.0000           0.00            0.83           0.17     56.6640     55.0000         3.0
CHFJPY                              NaN           NaN           4.5000           0.00            0.83           0.17      4.4800      4.4000         1.9
ZAR*                                NaN           NaN              NaN           0.12            0.73           0.15         NaN         NaN         1.5
YENEUR                             1.50          1.00           1.0000           0.19            0.68           0.14      1.1100      1.1000         0.7
US10U*                              NaN           NaN              NaN           0.02            0.82           0.16         NaN         NaN         0.2
NZD                                0.00          0.00           0.0000           0.29            0.60           0.12      0.0000      0.0000         0.2
US5                                 NaN           NaN           0.4992           0.00            0.83           0.17      0.4992      0.4992         0.1
BRENT_W                             NaN           NaN           1.0000           0.00            0.88           0.12      1.0000      1.0000         0.0
GILT                                NaN           NaN           0.5000           0.00            0.88           0.12      0.5000      0.5000         0.0
JGB-SGX-mini                        NaN           NaN           1.0000           0.00            0.80           0.20      1.0000      1.0000         0.0
KR3                                 NaN           NaN           0.5000           0.00            0.79           0.21      0.5000      0.5000         0.0
JGB                                 NaN           NaN           0.5000           0.00            0.48           0.52      0.5000      0.5000         0.0
GAS-LAST                            NaN           NaN           1.5000           0.00            0.84           0.16      1.5000      1.5000         0.0
AUDJPY                              NaN           NaN           1.5000           0.00            0.83           0.17      1.5000      1.5000         0.0
VIX                                 NaN           NaN           0.5000           0.00            0.83           0.17      0.5000      0.5000         0.0
EU-DJ-MEDIA                         NaN           NaN              NaN           0.00            0.00           1.00         NaN         NaN         0.0
NASBIO-mini                         NaN           NaN              NaN           0.00            0.00           1.00         NaN         NaN         0.0
MSCIRUSSIA                          NaN           NaN              NaN           0.00            0.00           1.00         NaN         NaN         0.0
R1000_mini                          NaN           NaN              NaN           0.00            0.00           1.00         NaN         NaN         0.0
LIBOR1                              NaN           NaN              NaN           0.00            0.00           1.00         NaN         NaN         0.0
KRW                                 NaN           NaN              NaN           0.00            0.00           1.00         NaN         NaN         0.0
LUMBER                              NaN           NaN              NaN           0.00            0.00           1.00         NaN         NaN         0.0
NIKKEI-JPY                          NaN           NaN              NaN           0.00            0.00           1.00         NaN         NaN         0.0
NIFTY                               NaN           NaN              NaN           0.00            0.00           1.00         NaN         NaN         0.0
PLZEUR                              NaN           NaN              NaN           0.00            0.00           1.00         NaN         NaN         0.0
USIRS5                              NaN           NaN              NaN           0.00            0.00           1.00         NaN         NaN         0.0
USIRS30                             NaN           NaN              NaN           0.00            0.00           1.00         NaN         NaN         0.0
USIRS2ERIS                          NaN           NaN              NaN           0.00            0.00           1.00         NaN         NaN         0.0
USIRS10                             NaN           NaN              NaN           0.00            0.00           1.00         NaN         NaN         0.0
US20-new                            NaN           NaN              NaN           0.00            0.00           1.00         NaN         NaN         0.0
US-TECH                             NaN           NaN              NaN           0.00            0.00           1.00         NaN         NaN         0.0
US-PROPERTY                         NaN           NaN              NaN           0.00            0.00           1.00         NaN         NaN         0.0
US-FINANCE                          NaN           NaN              NaN           0.00            0.00           1.00         NaN         NaN         0.0
THB                                 NaN           NaN              NaN           0.00            0.00           1.00         NaN         NaN         0.0
STERLING3                           NaN           NaN              NaN           0.00            0.00           1.00         NaN         NaN         0.0
SOFR1                               NaN           NaN              NaN           0.00            0.00           1.00         NaN         NaN         0.0
USDKRW                              NaN           NaN              NaN           0.00            0.00           1.00         NaN         NaN         0.0
SILVER-mini                         NaN           NaN              NaN           0.00            0.00           1.00         NaN         NaN         0.0
RUR                                 NaN           NaN              NaN           0.00            0.00           1.00         NaN         NaN         0.0
RUBBER-RSS                          NaN           NaN              NaN           0.00            0.00           1.00         NaN         NaN         0.0
RAPESEED                            NaN           NaN              NaN           0.00            0.00           1.00         NaN         NaN         0.0
R1000GROWTH-mini                    NaN           NaN              NaN           0.00            0.00           1.00         NaN         NaN         0.0
JPY-SGX-TITAN                       NaN           NaN              NaN           0.00            0.00           1.00         NaN         NaN         0.0
HOUSE-SD                            NaN           NaN              NaN           0.00            0.00           1.00         NaN         NaN         0.0
JPY-SGX                             NaN           NaN              NaN           0.00            0.00           1.00         NaN         NaN         0.0
EU-DJ-CHEM                          NaN           NaN              NaN           0.00            0.00           1.00         NaN         NaN         0.0
DJSTX-SMALL                         NaN           NaN              NaN           0.00            0.00           1.00         NaN         NaN         0.0
HEATOIL-mini                        NaN           NaN              NaN           0.00            0.00           1.00         NaN         NaN         0.0
GOLD-CHINA                          NaN           NaN              NaN           0.00            0.00           1.00         NaN         NaN         0.0
EDOLLAR                             NaN           NaN              NaN           0.00            0.00           1.00         NaN         NaN         0.0
ETHANOL                             NaN           NaN              NaN           0.00            0.00           1.00         NaN         NaN         0.0
EU-BANKS-DIVI                       NaN           NaN              NaN           0.00            0.00           1.00         NaN         NaN         0.0
EU-DIV50                            NaN           NaN              NaN           0.00            0.00           1.00         NaN         NaN         0.0
EU-DJ-FINANCE                       NaN           NaN              NaN           0.00            0.00           1.00         NaN         NaN         0.0
INR-micro                           NaN           NaN              NaN           0.00            0.00           1.00         NaN         NaN         0.0
EU-DJ-FOOD                          NaN           NaN              NaN           0.00            0.00           1.00         NaN         NaN         0.0
EUROSTX-PRICE                       NaN           NaN              NaN           0.00            0.00           1.00         NaN         NaN         0.0
EUROSTX-MID                         NaN           NaN              NaN           0.00            0.00           1.00         NaN         NaN         0.0
EU-DJ-HEALTH                        NaN           NaN              NaN           0.00            0.00           1.00         NaN         NaN         0.0
EU-FINANCE                          NaN           NaN              NaN           0.00            0.00           1.00         NaN         NaN         0.0
EU-DJ-INSURE                        NaN           NaN              NaN           0.00            0.00           1.00         NaN         NaN         0.0
EU-DJ-RETAIL                        NaN           NaN              NaN           0.00            0.00           1.00         NaN         NaN         0.0
DIVDAX                              NaN           NaN              NaN           0.00            0.00           1.00         NaN         NaN         0.0
CORRA                               NaN           NaN              NaN           0.00            0.00           1.00         NaN         NaN         0.0
CORN-EURO                           NaN           NaN              NaN           0.00            0.00           1.00         NaN         NaN         0.0
HOUSE-BO                            NaN           NaN              NaN           0.00            0.00           1.00         NaN         NaN         0.0
INR-SGX                             NaN           NaN              NaN           0.00            0.00           1.00         NaN         NaN         0.0
HUF                                 NaN           NaN              NaN           0.00            0.00           1.00         NaN         NaN         0.0
HOUSE-SF                            NaN           NaN              NaN           0.00            0.00           1.00         NaN         NaN         0.0
HOUSE-NY                            NaN           NaN              NaN           0.00            0.00           1.00         NaN         NaN         0.0
HOUSE-MI                            NaN           NaN              NaN           0.00            0.00           1.00         NaN         NaN         0.0
HOUSE-LV                            NaN           NaN              NaN           0.00            0.00           1.00         NaN         NaN         0.0
AUD-SGX                             NaN           NaN              NaN           0.00            0.00           1.00         NaN         NaN         0.0
AUDJPY-SGX                          NaN           NaN              NaN           0.00            0.00           1.00         NaN         NaN         0.0
AUSCASH                             NaN           NaN              NaN           0.00            0.00           1.00         NaN         NaN         0.0
HOUSE-LA                            NaN           NaN              NaN           0.00            0.00           1.00         NaN         NaN         0.0
HOUSE-DN                            NaN           NaN              NaN           0.00            0.00           1.00         NaN         NaN         0.0
HOUSE-CG                            NaN           NaN              NaN           0.00            0.00           1.00         NaN         NaN         0.0
BB3M                                NaN           NaN              NaN           0.00            0.00           1.00         NaN         NaN         0.0
CADSTIR                             NaN           NaN              NaN           0.00            0.00           1.00         NaN         NaN         0.0
CHFJPY-ICE                          NaN           NaN              NaN           0.00            0.00           1.00         NaN         NaN         0.0
EU-DJ-INDUSTRY                      NaN           NaN              NaN           0.00            0.00           1.00         NaN         NaN         0.0
USIRS5ERIS                          NaN           NaN              NaN           0.00            0.00           1.00         NaN         NaN         0.0
MUMMY                              0.50         -0.50           0.5000           0.12            0.70           0.18      0.5000      0.5000         0.0
BEL20                               NaN           NaN              NaN           0.00            0.00           1.00         NaN         NaN         0.0
MID-DAX                             NaN           NaN              NaN           0.00            0.00           1.00         NaN         NaN         0.0
ALUMINIUM_LME                       NaN           NaN           2.0000           0.00            0.88           0.12      2.0000      2.0000        -0.0
US-REALESTATE                       NaN           NaN           1.0000           0.00            0.83           0.17      1.0000      1.0000        -0.0
BUXL*                               NaN           NaN              NaN           0.10            0.79           0.11         NaN         NaN        -0.0
KOSDAQ*                             NaN           NaN              NaN           0.13            0.69           0.18         NaN         NaN        -0.0
US-HEALTH                           NaN           NaN           3.0000           0.00            0.83           0.17      3.0000      3.0000        -0.0
US-ENERGY                           NaN           NaN           3.0000           0.00            0.83           0.17      3.0000      3.0000        -0.0
CAD2                                NaN           NaN           0.5000           0.00            0.82           0.18      0.5000      0.5000        -0.0
SARONA                              NaN           NaN           0.5000           0.00            0.88           0.12      0.5000      0.5000        -0.0
SHATZ                               NaN           NaN           0.5000           0.00            0.88           0.12      0.5000      0.5000        -0.0
EURIBOR-ICE                         NaN           NaN           0.5000           0.00            0.88           0.12      0.5000      0.5000        -0.0
SONIA3                              NaN           NaN           0.5000           0.00            0.88           0.12      0.5000      0.5000        -0.0
HANG                                NaN           NaN           1.0000           0.00            0.01           0.99      1.4967      1.5000        -0.2
HANGENT                             NaN           NaN           0.5000           0.00            0.01           0.99      0.9967      1.0000        -0.3
CAD_micro                           NaN           NaN           0.0000           0.00            0.83           0.17      1.0000      1.0000        -1.6
BOBL                                NaN           NaN           0.5000           0.00            0.88           0.12      0.5000      0.5100        -1.7
RUBBER*                             NaN           NaN              NaN           0.08            0.73           0.19         NaN         NaN        -1.9
US30                                NaN           NaN           0.4992           0.00            0.83           0.17      0.5024      0.5120        -2.0
US2                                 NaN           NaN           0.5120           0.00            0.83           0.17      0.5120      0.5120        -2.0
US20                                NaN           NaN           0.4992           0.00            0.83           0.17      0.5024      0.5120        -2.0
US10*                               NaN           NaN              NaN           0.08            0.77           0.15         NaN         NaN        -2.0
ETHER-micro                         NaN           NaN           3.5000           0.00            0.84           0.16      3.5164      3.6000        -2.3
LEANHOG                           50.00        100.00          50.0000           0.25            0.56           0.19     66.0000     68.0000        -2.9
SOYMEAL*                            NaN           NaN              NaN           0.05            0.71           0.24         NaN         NaN        -3.0
SP500                               NaN           NaN           0.5000           0.00            0.83           0.17      0.5032      0.5200        -3.2
BBCOMM                              NaN           NaN           6.5000           0.00            0.75           0.25      6.5800      6.8000        -3.3
SP500_micro                        0.50          0.25           0.5000           0.29            0.59           0.12      0.5024      0.5200        -3.4
BUND*                               NaN           NaN              NaN           0.14            0.75           0.11         NaN         NaN        -3.4
CHEESE                              NaN           NaN           2.0000           0.00            0.83           0.17      2.0000      2.1000        -3.9
EUA                                 NaN           NaN           2.0000           0.00            0.86           0.14      2.0100      2.1000        -4.1
GBP                                1.00          1.00           0.0000           0.27            0.61           0.12      1.0000      1.0000        -4.9
US3                                 NaN           NaN           0.5120           0.00            0.83           0.17      0.5120      0.5376        -5.8
IRS                                 NaN           NaN          60.0000           0.00            0.83           0.17     60.0000     70.0000        -6.1
CAD5                                NaN           NaN           0.5000           0.00            0.83           0.17      0.5100      0.5400        -6.1
BTP3                                NaN           NaN           0.5000           0.00            0.88           0.12      0.5000      0.5400        -6.5
HOUSE-US                            NaN           NaN           5.0000           0.00            0.80           0.20      5.1005      5.5000        -7.3
KRWUSD_mini                     1000.00         -0.00        1000.0000           0.15            0.67           0.17   1000.0000   1000.0000        -7.5
CHF_micro                           NaN           NaN           1.0000           0.00            0.83           0.17      1.0000      1.0000        -7.6
EURCHF                              NaN           NaN           1.0000           0.00            0.83           0.17      1.0000      1.0000        -7.6
GAS_US                              NaN           NaN           1.0000           0.00            0.84           0.16      1.0000      1.1000        -7.6
SUGAR_WHITE                         NaN           NaN           1.0000           0.00            0.86           0.14      1.0140      1.1000        -7.8
WHEAT_mini                          NaN           NaN         200.0000           0.00            0.75           0.25    206.0800    224.0000        -8.0
RUSSELL                            1.00          1.00           1.0000           0.43            0.48           0.10      1.0100      1.1000        -8.2
SGD                                 NaN           NaN           2.0000           0.00            0.80           0.20      2.0000      2.0000        -8.5
GAS-PEN                           15.00          0.00          10.0000           0.13            0.72           0.14     11.0000     12.0000        -8.8
CZK                                 NaN           NaN          50.0000           0.00            0.83           0.17     50.0000     50.0000        -8.9
GAS_US_mini                        0.50          0.50           0.5000           0.17            0.69           0.14      0.5000      0.5600        -9.2
CAD10                              0.50         -1.50           0.5000           0.36            0.52           0.12      0.5100      0.5600        -9.5
US-STAPLES                          NaN           NaN           1.5000           0.00            0.83           0.17      1.5340      1.7000        -9.8
EURCAD                              NaN           NaN           2.0000           0.00            0.83           0.17      2.0000      2.0000        -9.8
EURO600                             NaN           NaN           0.5000           0.00            0.88           0.12      0.5090      0.5700       -10.8
COPPER_LME                          NaN           NaN           3.5000           0.00            0.88           0.12      3.5614      4.0000       -11.0
SPI200                             0.50         -5.50           0.5000           0.03            0.90           0.07      0.5048      0.5700       -11.4
EUR                                 NaN           NaN           0.0000           0.00            0.83           0.17      0.0000      0.0000       -11.5
CHF*                                NaN           NaN              NaN           0.20            0.67           0.13         NaN         NaN       -12.0
REDWHEAT                          75.00         -0.00          50.0000           0.13            0.65           0.22     56.3600     64.0000       -12.0
IG                                  NaN           NaN              NaN           0.00            0.72           0.28         NaN         NaN       -12.0
EPRA-EUROPE                         NaN           NaN           5.5000           0.00            0.85           0.15      5.6334      6.4000       -12.0
HIGHYIELD                           NaN           NaN              NaN           0.00            0.72           0.28         NaN         NaN       -12.0
WHEAT*                              NaN           NaN              NaN           0.05            0.71           0.24         NaN         NaN       -12.9
SGD_mini                            NaN           NaN           1.0000           0.00            0.80           0.20      2.0000      2.0000       -13.3
CNH                                 NaN           NaN           1.0000           0.00            0.80           0.20      1.0000      1.0000       -13.3
US-MATERIAL                         NaN           NaN           2.5000           0.00            0.83           0.17      2.5840      3.0000       -13.9
SP400                               NaN           NaN           4.0000           0.00            0.83           0.17      4.1340      4.8000       -13.9
GBPJPY                              NaN           NaN           2.0000           0.00            0.83           0.17      2.0700      2.4000       -13.9
FED                                 NaN           NaN           0.5000           0.00            0.83           0.17      0.5200      0.6000       -13.9
SOFR                                NaN           NaN           0.5000           0.00            0.83           0.17      0.5200      0.6000       -13.9
SEK                                 NaN           NaN           0.0000           0.00            0.83           0.17      0.0000      0.0000       -13.9
CRUDE_W                             NaN           NaN           1.0000           0.00            0.84           0.16      1.0300      1.2000       -13.9
EUR_micro                          1.00         -0.00           0.0000           0.48            0.43           0.09      1.0000      1.0000       -13.9
CAD                                0.00          0.00           0.0000           0.13            0.73           0.14      0.0000      0.0000       -14.3
CANOLA                             1.00         -2.00           1.0000           0.20            0.66           0.13      1.0270      1.2000       -14.4
ZINC_LME                            NaN           NaN           3.0000           0.00            0.88           0.12      3.0736      3.6000       -14.6
DOW                                1.00         -0.50           1.0000           0.35            0.54           0.11      1.0218      1.2000       -14.9
EUR_mini                            NaN           NaN           0.0000           0.00            0.83           0.17      1.0000      1.0000       -15.0
AUD_micro*                          NaN           NaN              NaN           0.48            0.44           0.09         NaN         NaN       -15.2
LUMBER-new                          NaN           NaN           1.0000           0.00            0.80           0.20      1.0488      1.2400       -15.4
MILK                                NaN           NaN           2.0000           0.00            0.83           0.17      2.0900      2.5000       -16.5
JGB-mini                            NaN           NaN           1.5000           0.00            0.48           0.52      1.9200      2.3000       -16.5
CORN                              50.00        -50.00          50.0000           0.05            0.71           0.24     53.3600     64.0000       -16.6
COFFEE                              NaN           NaN         150.0000           0.00            0.80           0.20    158.0000    190.0000       -16.8
OATIES                              NaN           NaN         150.0000           0.00            0.75           0.25    161.5600    196.0000       -17.6
AEX_mini                            NaN           NaN          38.0000           0.00            0.87           0.13     39.2740     48.0000       -18.2
BTP*                                NaN           NaN              NaN           0.06            0.82           0.12         NaN         NaN       -18.2
PLN                                 NaN           NaN           0.0000           0.00            0.83           0.17      5.0000      5.0000       -18.2
GBPEUR                              NaN           NaN           0.0000           0.00            0.83           0.17      2.0000      2.0000       -18.2
IRON                                NaN           NaN           1.0000           0.00            0.80           0.20      1.0640      1.3200       -19.3
KR10*                               NaN           NaN              NaN           0.34            0.50           0.16         NaN         NaN       -19.5
SOYBEAN                             NaN           NaN          50.0000           0.00            0.75           0.25     54.5200     68.0000       -19.8
SMI-MID                             NaN           NaN           9.0000           0.00            0.81           0.19      9.5740     12.0000       -20.2
AUD                                 NaN           NaN           0.0000           0.00            0.83           0.17      0.0000      0.0000       -20.2
SOYBEAN_mini                        NaN           NaN         200.0000           0.00            0.75           0.25    220.1600    280.0000       -21.4
NICKEL_LME                          NaN           NaN           1.5000           0.00            0.88           0.12      1.5615      2.0000       -21.9
NIKKEI                             0.50         -0.50           0.5000           0.29            0.57           0.14      0.5260      0.6800       -22.6
OAT                                0.50          1.50           0.5000           0.02            0.85           0.12      0.5500      0.7200       -23.5
COTTON2                             NaN           NaN         100.0000           0.00            0.83           0.17    107.0000    140.0000       -23.8
COCOA                              1.50          4.00           1.5000           0.04            0.77           0.19      1.7526      2.3000       -23.8
GBPCHF                              NaN           NaN           1.0000           0.00            0.83           0.17      2.0000      2.0000       -23.8
COCOA_LDN                           NaN           NaN           1.5000           0.00            0.84           0.16      1.5981      2.1000       -23.9
BRE                                0.00          0.00           0.0000           0.23            0.64           0.13      0.0000      0.0000       -24.9
MILKWET                             NaN           NaN          18.0000           0.00            0.83           0.17     19.4000     26.0000       -25.4
NOK                                 NaN           NaN           0.0000           0.00            0.83           0.17      0.0000      0.0000       -25.5
STEEL                               NaN           NaN           1.5000           0.00            0.84           0.16      1.6149      2.2000       -26.6
EURIBOR                             NaN           NaN           1.0000           0.00            0.88           0.12      1.0600      1.4400       -26.8
INR                                 NaN           NaN       10000.0000           0.00            0.82           0.18  10900.0000  15000.0000       -27.3
RICE                               2.00          2.00           1.5000           0.02            0.73           0.25      1.7400      2.4000       -27.8
FTSECHINAH                          NaN           NaN           6.5000           0.00            0.80           0.20      7.2152     10.0000       -27.8
SOYOIL*                             NaN           NaN              NaN           0.13            0.65           0.22         NaN         NaN       -28.2
BITCOIN                            2.00          2.00           1.5000           0.57            0.36           0.07      1.8632      2.6000       -28.3
FTSECHINAA                         0.50         -0.50           1.0000           0.29            0.57           0.14      0.8986      1.3000       -30.9
OJ                                  NaN           NaN         550.0000           0.00            0.80           0.20    620.4000    900.0000       -31.1
ETHEREUM                            NaN           NaN           1.5000           0.00            0.84           0.16      1.6482      2.4000       -31.3
CHINAA-CON                          NaN           NaN           1.5000           0.00            0.77           0.23      1.7405      2.5500       -31.7
ROBUSTA                             NaN           NaN           1.0000           0.00            0.84           0.16      1.1469      1.9000       -39.6
KRWUSD                              NaN           NaN           0.0000           0.00            0.83           0.17      0.0000      0.0000       -41.6
COAL-GEORDIE                        NaN           NaN          29.5000           0.00            0.85           0.15     33.7080     58.0000       -41.9
LEAD_LME                            NaN           NaN           2.5000           0.00            0.88           0.12      2.7826      4.8000       -42.0
V2X                                0.50         -0.50           0.5000           0.02            0.85           0.12      0.5560      0.9600       -42.1
TWD-mini                            NaN           NaN              NaN           0.00            0.76           0.24         NaN         NaN       -48.6
SGX                                 NaN           NaN              NaN           0.00            0.52           0.48         NaN         NaN       -51.6
FTSEVIET                            NaN           NaN           2.0000           0.00            0.78           0.22      5.0435     16.0000       -68.5
CNH-onshore                         NaN           NaN           0.0000           0.00            0.79           0.21     20.0000    100.0000       -79.1
GASOILINE_micro                     NaN           NaN           0.0000           0.00            0.80           0.20     80.0000    400.0000       -79.9
CLP                                 NaN           NaN           0.0000           0.00            0.82           0.18      0.0000      0.0000       -81.9
BOVESPA                             NaN           NaN           0.0000           0.00            0.83           0.17     17.8490    104.0000       -82.8
COTTON                              NaN           NaN           0.0000           0.00            0.83           0.17      0.0000      1.0000       -83.1
SWISSLEAD                           NaN           NaN           0.0000           0.00            0.87           0.13      8.5970     67.0000       -87.2
OMX                                 NaN           NaN           0.0000           0.00            0.87           0.13     24.2970    190.0000       -87.2
HANGTECH                           1.00         -0.25           0.5000            NaN             NaN            NaN         NaN         NaN         NaN
IBEX                                NaN           NaN           2.5000            NaN             NaN            NaN         NaN         NaN         NaN
AMERIBOR-1M                         NaN           NaN              NaN            NaN             NaN            NaN         NaN         NaN         NaN
AMERIBOR-3M                         NaN           NaN              NaN            NaN             NaN            NaN         NaN         NaN         NaN
AMERIBOR-T30                        NaN           NaN              NaN            NaN             NaN            NaN         NaN         NaN         NaN
AMX                                 NaN           NaN              NaN            NaN             NaN            NaN         NaN         NaN         NaN
ASX                                 NaN           NaN              NaN            NaN             NaN            NaN         NaN         NaN         NaN
ATX                                 NaN           NaN              NaN            NaN             NaN            NaN         NaN         NaN         NaN
AUD-ICE                             NaN           NaN              NaN            NaN             NaN            NaN         NaN         NaN         NaN
AUDCAD                              NaN           NaN              NaN            NaN             NaN            NaN         NaN         NaN         NaN
BARLEY                              NaN           NaN              NaN            NaN             NaN            NaN         NaN         NaN         NaN
BITCOIN-BAKKT                       NaN           NaN              NaN            NaN             NaN            NaN         NaN         NaN         NaN
BONO-MEFF                           NaN           NaN              NaN            NaN             NaN            NaN         NaN         NaN         NaN
BOVESPA-HK                          NaN           NaN              NaN            NaN             NaN            NaN         NaN         NaN         NaN
BRENT                               NaN           NaN              NaN            NaN             NaN            NaN         NaN         NaN         NaN
BRR                                 NaN           NaN              NaN            NaN             NaN            NaN         NaN         NaN         NaN
BRREUR                              NaN           NaN              NaN            NaN             NaN            NaN         NaN         NaN         NaN
BTP5                                NaN           NaN              NaN            NaN             NaN            NaN         NaN         NaN         NaN
CADJPY                              NaN           NaN              NaN            NaN             NaN            NaN         NaN         NaN         NaN
CADJPY2                             NaN           NaN              NaN            NaN             NaN            NaN         NaN         NaN         NaN
CAN-ENERGY                          NaN           NaN              NaN            NaN             NaN            NaN         NaN         NaN         NaN
CAN-FINANCE                         NaN           NaN              NaN            NaN             NaN            NaN         NaN         NaN         NaN
CAN-GOLD                            NaN           NaN              NaN            NaN             NaN            NaN         NaN         NaN         NaN
CAN-TECH                            NaN           NaN              NaN            NaN             NaN            NaN         NaN         NaN         NaN
CANNABIS_small                      NaN           NaN              NaN            NaN             NaN            NaN         NaN         NaN         NaN
CHINA120                            NaN           NaN              NaN            NaN             NaN            NaN         NaN         NaN         NaN
CNH-CME                             NaN           NaN              NaN            NaN             NaN            NaN         NaN         NaN         NaN
CNH-CME_micro                       NaN           NaN              NaN            NaN             NaN            NaN         NaN         NaN         NaN
CNH-HK                              NaN           NaN              NaN            NaN             NaN            NaN         NaN         NaN         NaN
CNHEUR                              NaN           NaN              NaN            NaN             NaN            NaN         NaN         NaN         NaN
COAL-RICH-BAY                       NaN           NaN              NaN            NaN             NaN            NaN         NaN         NaN         NaN
CORN-JPN                            NaN           NaN              NaN            NaN             NaN            NaN         NaN         NaN         NaN
CRYPTO_small                        NaN           NaN              NaN            NaN             NaN            NaN         NaN         NaN         NaN
DIVDAX-DIVI                         NaN           NaN              NaN            NaN             NaN            NaN         NaN         NaN         NaN
DIVDAX-DIVI2                        NaN           NaN              NaN            NaN             NaN            NaN         NaN         NaN         NaN
DJUBS                               NaN           NaN              NaN            NaN             NaN            NaN         NaN         NaN         NaN
DOW_YEN                             NaN           NaN              NaN            NaN             NaN            NaN         NaN         NaN         NaN
EPRA-EURO                           NaN           NaN              NaN            NaN             NaN            NaN         NaN         NaN         NaN
ETHRR                               NaN           NaN              NaN            NaN             NaN            NaN         NaN         NaN         NaN
ETHRREUR                            NaN           NaN              NaN            NaN             NaN            NaN         NaN         NaN         NaN
EU-BANKS2                           NaN           NaN              NaN            NaN             NaN            NaN         NaN         NaN         NaN
EU-DIV30-DVP                        NaN           NaN              NaN            NaN             NaN            NaN         NaN         NaN         NaN
EU-DJ-AUTO                          NaN           NaN              NaN            NaN             NaN            NaN         NaN         NaN         NaN
EU-DJ-BASIC                         NaN           NaN              NaN            NaN             NaN            NaN         NaN         NaN         NaN
EU-DJ-CONSTRUCTION                  NaN           NaN              NaN            NaN             NaN            NaN         NaN         NaN         NaN
EU-DJ-HOUSE                         NaN           NaN              NaN            NaN             NaN            NaN         NaN         NaN         NaN
EU-DJ-INDUSTRY2                     NaN           NaN              NaN            NaN             NaN            NaN         NaN         NaN         NaN
EU-DJ-TRAVEL                        NaN           NaN              NaN            NaN             NaN            NaN         NaN         NaN         NaN
EU-ESG                              NaN           NaN              NaN            NaN             NaN            NaN         NaN         NaN         NaN
EU-TELECOM                          NaN           NaN              NaN            NaN             NaN            NaN         NaN         NaN         NaN
EUIRS10                             NaN           NaN              NaN            NaN             NaN            NaN         NaN         NaN         NaN
EUIRS2                              NaN           NaN              NaN            NaN             NaN            NaN         NaN         NaN         NaN
EUIRS5                              NaN           NaN              NaN            NaN             NaN            NaN         NaN         NaN         NaN
EUR-ICE                             NaN           NaN              NaN            NaN             NaN            NaN         NaN         NaN         NaN
EURAUD-ICE                          NaN           NaN              NaN            NaN             NaN            NaN         NaN         NaN         NaN
EURCAD-ICE                          NaN           NaN              NaN            NaN             NaN            NaN         NaN         NaN         NaN
EURCHF-ICE                          NaN           NaN              NaN            NaN             NaN            NaN         NaN         NaN         NaN
EURCZK                              NaN           NaN              NaN            NaN             NaN            NaN         NaN         NaN         NaN
EURHUF                              NaN           NaN              NaN            NaN             NaN            NaN         NaN         NaN         NaN
EURINR                              NaN           NaN              NaN            NaN             NaN            NaN         NaN         NaN         NaN
EURMXP                              NaN           NaN              NaN            NaN             NaN            NaN         NaN         NaN         NaN
EURO600-ESG                         NaN           NaN              NaN            NaN             NaN            NaN         NaN         NaN         NaN
EUROFIRST100                        NaN           NaN              NaN            NaN             NaN            NaN         NaN         NaN         NaN
EUROFIRST80                         NaN           NaN              NaN            NaN             NaN            NaN         NaN         NaN         NaN
EUROSTX-CORE                        NaN           NaN              NaN            NaN             NaN            NaN         NaN         NaN         NaN
EUROSTX-DJ                          NaN           NaN              NaN            NaN             NaN            NaN         NaN         NaN         NaN
FTSE100-DIV                         NaN           NaN              NaN            NaN             NaN            NaN         NaN         NaN         NaN
FTSEAFRICA40                        NaN           NaN              NaN            NaN             NaN            NaN         NaN         NaN         NaN
FTSECHINAA-CSOP                     NaN           NaN              NaN            NaN             NaN            NaN         NaN         NaN         NaN
FTSECHINAA-IS                       NaN           NaN              NaN            NaN             NaN            NaN         NaN         NaN         NaN
GAS_NL                              NaN           NaN              NaN            NaN             NaN            NaN         NaN         NaN         NaN
GAS_UK                              NaN           NaN              NaN            NaN             NaN            NaN         NaN         NaN         NaN
GBP-ICE                             NaN           NaN              NaN            NaN             NaN            NaN         NaN         NaN         NaN
GBPCHF-ICE                          NaN           NaN              NaN            NaN             NaN            NaN         NaN         NaN         NaN
GBPEUR-ICE                          NaN           NaN              NaN            NaN             NaN            NaN         NaN         NaN         NaN
GBPINR                              NaN           NaN              NaN            NaN             NaN            NaN         NaN         NaN         NaN
GBPJPY-ICE                          NaN           NaN              NaN            NaN             NaN            NaN         NaN         NaN         NaN
GICS-EXCESS                         NaN           NaN              NaN            NaN             NaN            NaN         NaN         NaN         NaN
GILT2                               NaN           NaN              NaN            NaN             NaN            NaN         NaN         NaN         NaN
GILT5                               NaN           NaN              NaN            NaN             NaN            NaN         NaN         NaN         NaN
GOLD-CHINA-USD                      NaN           NaN              NaN            NaN             NaN            NaN         NaN         NaN         NaN
GOLD-CN-HK                          NaN           NaN              NaN            NaN             NaN            NaN         NaN         NaN         NaN
GOLD-HK                             NaN           NaN              NaN            NaN             NaN            NaN         NaN         NaN         NaN
GOLD-JPN                            NaN           NaN              NaN            NaN             NaN            NaN         NaN         NaN         NaN
GOLD-JPN_mini                       NaN           NaN              NaN            NaN             NaN            NaN         NaN         NaN         NaN
HANG-DIV                            NaN           NaN              NaN            NaN             NaN            NaN         NaN         NaN         NaN
HANG-TECH                           NaN           NaN              NaN            NaN             NaN            NaN         NaN         NaN         NaN
HANGENT-GTR                         NaN           NaN              NaN            NaN             NaN            NaN         NaN         NaN         NaN
HANGENT-NTR                         NaN           NaN              NaN            NaN             NaN            NaN         NaN         NaN         NaN
HEAT-DEG-AMS                        NaN           NaN              NaN            NaN             NaN            NaN         NaN         NaN         NaN
HEAT-DEG-LON                        NaN           NaN              NaN            NaN             NaN            NaN         NaN         NaN         NaN
HEAT-DEG-NY                         NaN           NaN              NaN            NaN             NaN            NaN         NaN         NaN         NaN
HEATOIL_micro                       NaN           NaN              NaN            NaN             NaN            NaN         NaN         NaN         NaN
HIBOR                               NaN           NaN              NaN            NaN             NaN            NaN         NaN         NaN         NaN
HOUSE-DC                            NaN           NaN              NaN            NaN             NaN            NaN         NaN         NaN         NaN
HSCEI-DIV                           NaN           NaN              NaN            NaN             NaN            NaN         NaN         NaN         NaN
HUFEUR                              NaN           NaN              NaN            NaN             NaN            NaN         NaN         NaN         NaN
IBXEX                               NaN           NaN              NaN            NaN             NaN            NaN         NaN         NaN         NaN
IND-BANK                            NaN           NaN              NaN            NaN             NaN            NaN         NaN         NaN         NaN
IND-FIN                             NaN           NaN              NaN            NaN             NaN            NaN         NaN         NaN         NaN
INR-SGX1                            NaN           NaN              NaN            NaN             NaN            NaN         NaN         NaN         NaN
INR-SGX2                            NaN           NaN              NaN            NaN             NaN            NaN         NaN         NaN         NaN
IPC                                 NaN           NaN              NaN            NaN             NaN            NaN         NaN         NaN         NaN
IRON-CME                            NaN           NaN              NaN            NaN             NaN            NaN         NaN         NaN         NaN
JPYINR                              NaN           NaN              NaN            NaN             NaN            NaN         NaN         NaN         NaN
JPY_micro                           NaN           NaN              NaN            NaN             NaN            NaN         NaN         NaN         NaN
KOSPI300                            NaN           NaN              NaN            NaN             NaN            NaN         NaN         NaN         NaN
KRWJPY                              NaN           NaN              NaN            NaN             NaN            NaN         NaN         NaN         NaN
MARS-ARGUS                          NaN           NaN              NaN            NaN             NaN            NaN         NaN         NaN         NaN
MIB-DIVI                            NaN           NaN              NaN            NaN             NaN            NaN         NaN         NaN         NaN
MIB_micro                           NaN           NaN              NaN            NaN             NaN            NaN         NaN         NaN         NaN
MIB_mini                            NaN           NaN              NaN            NaN             NaN            NaN         NaN         NaN         NaN
MSCIASIAEXJP                        NaN           NaN              NaN            NaN             NaN            NaN         NaN         NaN         NaN
MSCIBRAZIL                          NaN           NaN              NaN            NaN             NaN            NaN         NaN         NaN         NaN
MSCICHINA                           NaN           NaN              NaN            NaN             NaN            NaN         NaN         NaN         NaN
MSCICHINANET                        NaN           NaN              NaN            NaN             NaN            NaN         NaN         NaN         NaN
MSCIEAFA-TOT                        NaN           NaN              NaN            NaN             NaN            NaN         NaN         NaN         NaN
MSCIEM                              NaN           NaN              NaN            NaN             NaN            NaN         NaN         NaN         NaN
MSCIEM-LIFFE                        NaN           NaN              NaN            NaN             NaN            NaN         NaN         NaN         NaN
MSCIEURONET                         NaN           NaN              NaN            NaN             NaN            NaN         NaN         NaN         NaN
MSCIEURONET-ICE                     NaN           NaN              NaN            NaN             NaN            NaN         NaN         NaN         NaN
MSCIEUROPE                          NaN           NaN              NaN            NaN             NaN            NaN         NaN         NaN         NaN
MSCIEUROPE-ICE                      NaN           NaN              NaN            NaN             NaN            NaN         NaN         NaN         NaN
MSCIEUROPE-LIFFE                    NaN           NaN              NaN            NaN             NaN            NaN         NaN         NaN         NaN
MSCIINDO                            NaN           NaN              NaN            NaN             NaN            NaN         NaN         NaN         NaN
MSCIJAPAN                           NaN           NaN              NaN            NaN             NaN            NaN         NaN         NaN         NaN
MSCIJAPAN-LIFFE                     NaN           NaN              NaN            NaN             NaN            NaN         NaN         NaN         NaN
MSCILATIN                           NaN           NaN              NaN            NaN             NaN            NaN         NaN         NaN         NaN
MSCIPACIFIC                         NaN           NaN              NaN            NaN             NaN            NaN         NaN         NaN         NaN
MSCIPANEURO-LIFFE                   NaN           NaN              NaN            NaN             NaN            NaN         NaN         NaN         NaN
MSCIUSA                             NaN           NaN              NaN            NaN             NaN            NaN         NaN         NaN         NaN
MSCIWORLD-MINVOL                    NaN           NaN              NaN            NaN             NaN            NaN         NaN         NaN         NaN
MSCIWORLDNET-EUR                    NaN           NaN              NaN            NaN             NaN            NaN         NaN         NaN         NaN
MSCIWORLDNET-ICE                    NaN           NaN              NaN            NaN             NaN            NaN         NaN         NaN         NaN
MSCIWORLDNET-USD                    NaN           NaN              NaN            NaN             NaN            NaN         NaN         NaN         NaN
NASDAQ_mini                         NaN           NaN              NaN            NaN             NaN            NaN         NaN         NaN         NaN
NIFTY-IN                            NaN           NaN              NaN            NaN             NaN            NaN         NaN         NaN         NaN
NIKKEI-CME                          NaN           NaN              NaN            NaN             NaN            NaN         NaN         NaN         NaN
NIKKEI-JPY_mini                     NaN           NaN              NaN            NaN             NaN            NaN         NaN         NaN         NaN
NIKKEI-SGX                          NaN           NaN              NaN            NaN             NaN            NaN         NaN         NaN         NaN
NIKKEI-SGX-DIV                      NaN           NaN              NaN            NaN             NaN            NaN         NaN         NaN         NaN
NIKKEI-SGX-USD                      NaN           NaN              NaN            NaN             NaN            NaN         NaN         NaN         NaN
NIKKEI-SGX_mini                     NaN           NaN              NaN            NaN             NaN            NaN         NaN         NaN         NaN
NIKKEI_large                        NaN           NaN              NaN            NaN             NaN            NaN         NaN         NaN         NaN
OAT5                                NaN           NaN              NaN            NaN             NaN            NaN         NaN         NaN         NaN
OMX-SWE                             NaN           NaN              NaN            NaN             NaN            NaN         NaN         NaN         NaN
OMXESG                              NaN           NaN              NaN            NaN             NaN            NaN         NaN         NaN         NaN
OMXSB                               NaN           NaN              NaN            NaN             NaN            NaN         NaN         NaN         NaN
PIPELINE                            NaN           NaN              NaN            NaN             NaN            NaN         NaN         NaN         NaN
PLAT-JPN                            NaN           NaN              NaN            NaN             NaN            NaN         NaN         NaN         NaN
PLAT-JPN_mini                       NaN           NaN              NaN            NaN             NaN            NaN         NaN         NaN         NaN
PRECIOUS_small                      NaN           NaN              NaN            NaN             NaN            NaN         NaN         NaN         NaN
RUSSELL-GROWTH                      NaN           NaN              NaN            NaN             NaN            NaN         NaN         NaN         NaN
RUSSELL-VALUE                       NaN           NaN              NaN            NaN             NaN            NaN         NaN         NaN         NaN
SING-REALESTATE                     NaN           NaN              NaN            NaN             NaN            NaN         NaN         NaN         NaN
SMALL75                             NaN           NaN              NaN            NaN             NaN            NaN         NaN         NaN         NaN
SMI-DIV                             NaN           NaN              NaN            NaN             NaN            NaN         NaN         NaN         NaN
SMIETF                              NaN           NaN              NaN            NaN             NaN            NaN         NaN         NaN         NaN
SONIA                               NaN           NaN              NaN            NaN             NaN            NaN         NaN         NaN         NaN
SONIA1                              NaN           NaN              NaN            NaN             NaN            NaN         NaN         NaN         NaN
SP500-GROWTH                        NaN           NaN              NaN            NaN             NaN            NaN         NaN         NaN         NaN
SP500-VALUE                         NaN           NaN              NaN            NaN             NaN            NaN         NaN         NaN         NaN
SP500_mini                          NaN           NaN              NaN            NaN             NaN            NaN         NaN         NaN         NaN
SP600-SMALL                         NaN           NaN              NaN            NaN             NaN            NaN         NaN         NaN         NaN
SS-AIA-GROUP                        NaN           NaN              NaN            NaN             NaN            NaN         NaN         NaN         NaN
SS-ALIBABA-HLDS                     NaN           NaN              NaN            NaN             NaN            NaN         NaN         NaN         NaN
SS-ASML                             NaN           NaN              NaN            NaN             NaN            NaN         NaN         NaN         NaN
SS-ASS-GEN                          NaN           NaN              NaN            NaN             NaN            NaN         NaN         NaN         NaN
SS-BAIDU                            NaN           NaN              NaN            NaN             NaN            NaN         NaN         NaN         NaN
SS-BANK-CHINA                       NaN           NaN              NaN            NaN             NaN            NaN         NaN         NaN         NaN
SS-BOC-HONG-KONG                    NaN           NaN              NaN            NaN             NaN            NaN         NaN         NaN         NaN
SS-BUDWEISER-BREWING                NaN           NaN              NaN            NaN             NaN            NaN         NaN         NaN         NaN
SS-BYD-CO                           NaN           NaN              NaN            NaN             NaN            NaN         NaN         NaN         NaN
SS-CHINA-CONSTR-BK                  NaN           NaN              NaN            NaN             NaN            NaN         NaN         NaN         NaN
SS-CHINA-MERCH-BANK                 NaN           NaN              NaN            NaN             NaN            NaN         NaN         NaN         NaN
SS-CHINA-MOBILE                     NaN           NaN              NaN            NaN             NaN            NaN         NaN         NaN         NaN
SS-CHINA-UNICOM-HK                  NaN           NaN              NaN            NaN             NaN            NaN         NaN         NaN         NaN
SS-CITIC-LTD                        NaN           NaN              NaN            NaN             NaN            NaN         NaN         NaN         NaN
SS-CK-HUTCHISON                     NaN           NaN              NaN            NaN             NaN            NaN         NaN         NaN         NaN
SS-CLP-HOLDINGS                     NaN           NaN              NaN            NaN             NaN            NaN         NaN         NaN         NaN
SS-CNOOC                            NaN           NaN              NaN            NaN             NaN            NaN         NaN         NaN         NaN
SS-DTE                              NaN           NaN              NaN            NaN             NaN            NaN         NaN         NaN         NaN
SS-ENEL-SPA                         NaN           NaN              NaN            NaN             NaN            NaN         NaN         NaN         NaN
SS-HDFC                             NaN           NaN              NaN            NaN             NaN            NaN         NaN         NaN         NaN
SS-HEINK                            NaN           NaN              NaN            NaN             NaN            NaN         NaN         NaN         NaN
SS-HIND-UNILV                       NaN           NaN              NaN            NaN             NaN            NaN         NaN         NaN         NaN
SS-HK-CHINA-GAS                     NaN           NaN              NaN            NaN             NaN            NaN         NaN         NaN         NaN
SS-HK-EXCH-CLEAR                    NaN           NaN              NaN            NaN             NaN            NaN         NaN         NaN         NaN
SS-HOUS-DEV-FIN                     NaN           NaN              NaN            NaN             NaN            NaN         NaN         NaN         NaN
SS-HSBC-HLDS                        NaN           NaN              NaN            NaN             NaN            NaN         NaN         NaN         NaN
SS-IBERDROLA                        NaN           NaN              NaN            NaN             NaN            NaN         NaN         NaN         NaN
SS-IND-COMM-BK-OF-CHINA             NaN           NaN              NaN            NaN             NaN            NaN         NaN         NaN         NaN
SS-IND-DIS-TEXT                     NaN           NaN              NaN            NaN             NaN            NaN         NaN         NaN         NaN
SS-INFOSYS                          NaN           NaN              NaN            NaN             NaN            NaN         NaN         NaN         NaN
SS-JD-COM                           NaN           NaN              NaN            NaN             NaN            NaN         NaN         NaN         NaN
SS-KOTAK-BANK                       NaN           NaN              NaN            NaN             NaN            NaN         NaN         NaN         NaN
SS-LOREAL                           NaN           NaN              NaN            NaN             NaN            NaN         NaN         NaN         NaN
SS-MEITUAN-B                        NaN           NaN              NaN            NaN             NaN            NaN         NaN         NaN         NaN
SS-NETEASE                          NaN           NaN              NaN            NaN             NaN            NaN         NaN         NaN         NaN
SS-NONGFU                           NaN           NaN              NaN            NaN             NaN            NaN         NaN         NaN         NaN
SS-OVERSEA-CH-BK                    NaN           NaN              NaN            NaN             NaN            NaN         NaN         NaN         NaN
SS-PING-AN-INSURANCE                NaN           NaN              NaN            NaN             NaN            NaN         NaN         NaN         NaN
SS-POWER-ASSETS-HLDS                NaN           NaN              NaN            NaN             NaN            NaN         NaN         NaN         NaN
SS-RELIANCE                         NaN           NaN              NaN            NaN             NaN            NaN         NaN         NaN         NaN
SS-ROCHE                            NaN           NaN              NaN            NaN             NaN            NaN         NaN         NaN         NaN
SS-SING-TEL                         NaN           NaN              NaN            NaN             NaN            NaN         NaN         NaN         NaN
SS-SUN-HUNG-KAI                     NaN           NaN              NaN            NaN             NaN            NaN         NaN         NaN         NaN
SS-TATA                             NaN           NaN              NaN            NaN             NaN            NaN         NaN         NaN         NaN
SS-TENCENT-HLDS                     NaN           NaN              NaN            NaN             NaN            NaN         NaN         NaN         NaN
SS-THAI-BEV                         NaN           NaN              NaN            NaN             NaN            NaN         NaN         NaN         NaN
SS-TOTAL-ENERGIES                   NaN           NaN              NaN            NaN             NaN            NaN         NaN         NaN         NaN
SS-UNICREDIT-SPA                    NaN           NaN              NaN            NaN             NaN            NaN         NaN         NaN         NaN
SS-VW                               NaN           NaN              NaN            NaN             NaN            NaN         NaN         NaN         NaN
SS-WHARF-HLDS                       NaN           NaN              NaN            NaN             NaN            NaN         NaN         NaN         NaN
SS-WUXI-BIOLOGICS                   NaN           NaN              NaN            NaN             NaN            NaN         NaN         NaN         NaN
SS-XIAOMI                           NaN           NaN              NaN            NaN             NaN            NaN         NaN         NaN         NaN
SS-YES-BANK                         NaN           NaN              NaN            NaN             NaN            NaN         NaN         NaN         NaN
SS-ZUR-INSR                         NaN           NaN              NaN            NaN             NaN            NaN         NaN         NaN         NaN
TECDAX                              NaN           NaN              NaN            NaN             NaN            NaN         NaN         NaN         NaN
TECH60_small                        NaN           NaN              NaN            NaN             NaN            NaN         NaN         NaN         NaN
TOPIX30                             NaN           NaN              NaN            NaN             NaN            NaN         NaN         NaN         NaN
TOPIX_Large                         NaN           NaN              NaN            NaN             NaN            NaN         NaN         NaN         NaN
TSE60                               NaN           NaN              NaN            NaN             NaN            NaN         NaN         NaN         NaN
TSX                                 NaN           NaN              NaN            NaN             NaN            NaN         NaN         NaN         NaN
UMBS-20                             NaN           NaN              NaN            NaN             NaN            NaN         NaN         NaN         NaN
UMBS-25                             NaN           NaN              NaN            NaN             NaN            NaN         NaN         NaN         NaN
UMBS-30                             NaN           NaN              NaN            NaN             NaN            NaN         NaN         NaN         NaN
UMBS-35                             NaN           NaN              NaN            NaN             NaN            NaN         NaN         NaN         NaN
UMBS-40                             NaN           NaN              NaN            NaN             NaN            NaN         NaN         NaN         NaN
UMBS-45                             NaN           NaN              NaN            NaN             NaN            NaN         NaN         NaN         NaN
UMBS-50                             NaN           NaN              NaN            NaN             NaN            NaN         NaN         NaN         NaN
URANIUM                             NaN           NaN              NaN            NaN             NaN            NaN         NaN         NaN         NaN
US-BIOTECH                          NaN           NaN              NaN            NaN             NaN            NaN         NaN         NaN         NaN
US-INSURE                           NaN           NaN              NaN            NaN             NaN            NaN         NaN         NaN         NaN
US-OILGAS                           NaN           NaN              NaN            NaN             NaN            NaN         NaN         NaN         NaN
US-REGBANK                          NaN           NaN              NaN            NaN             NaN            NaN         NaN         NaN         NaN
US-RETAIL                           NaN           NaN              NaN            NaN             NaN            NaN         NaN         NaN         NaN
US-SEMICONDUCTOR                    NaN           NaN              NaN            NaN             NaN            NaN         NaN         NaN         NaN
US10Y_micro                         NaN           NaN              NaN            NaN             NaN            NaN         NaN         NaN         NaN
US10Y_small                         NaN           NaN              NaN            NaN             NaN            NaN         NaN         NaN         NaN
US2Y_micro                          NaN           NaN              NaN            NaN             NaN            NaN         NaN         NaN         NaN
US2Y_small                          NaN           NaN              NaN            NaN             NaN            NaN         NaN         NaN         NaN
US30Y_micro                         NaN           NaN              NaN            NaN             NaN            NaN         NaN         NaN         NaN
US30Y_small                         NaN           NaN              NaN            NaN             NaN            NaN         NaN         NaN         NaN
US5Y_micro                          NaN           NaN              NaN            NaN             NaN            NaN         NaN         NaN         NaN
USDCAD_micro                        NaN           NaN              NaN            NaN             NaN            NaN         NaN         NaN         NaN
USDCHF_micro                        NaN           NaN              NaN            NaN             NaN            NaN         NaN         NaN         NaN
USDCNH-CME                          NaN           NaN              NaN            NaN             NaN            NaN         NaN         NaN         NaN
USDCNH-HK                           NaN           NaN              NaN            NaN             NaN            NaN         NaN         NaN         NaN
USDCNH-SGX_mini                     NaN           NaN              NaN            NaN             NaN            NaN         NaN         NaN         NaN
USDINR                              NaN           NaN              NaN            NaN             NaN            NaN         NaN         NaN         NaN
USDMXP                              NaN           NaN              NaN            NaN             NaN            NaN         NaN         NaN         NaN
USD_small                           NaN           NaN              NaN            NaN             NaN            NaN         NaN         NaN         NaN
USIRS10ERIS                         NaN           NaN              NaN            NaN             NaN            NaN         NaN         NaN         NaN
USIRS10_ICE                         NaN           NaN              NaN            NaN             NaN            NaN         NaN         NaN         NaN
USIRS12ERIS                         NaN           NaN              NaN            NaN             NaN            NaN         NaN         NaN         NaN
USIRS15ERIS                         NaN           NaN              NaN            NaN             NaN            NaN         NaN         NaN         NaN
USIRS2                              NaN           NaN              NaN            NaN             NaN            NaN         NaN         NaN         NaN
USIRS20ERIS                         NaN           NaN              NaN            NaN             NaN            NaN         NaN         NaN         NaN
USIRS2_ICE                          NaN           NaN              NaN            NaN             NaN            NaN         NaN         NaN         NaN
USIRS3ERIS                          NaN           NaN              NaN            NaN             NaN            NaN         NaN         NaN         NaN
USIRS4ERIS                          NaN           NaN              NaN            NaN             NaN            NaN         NaN         NaN         NaN
USIRS5_ICE                          NaN           NaN              NaN            NaN             NaN            NaN         NaN         NaN         NaN
USIRS7ERIS                          NaN           NaN              NaN            NaN             NaN            NaN         NaN         NaN         NaN
VHANG                               NaN           NaN              NaN            NaN             NaN            NaN         NaN         NaN         NaN
VOLQ                                NaN           NaN              NaN            NaN             NaN            NaN         NaN         NaN         NaN
WATER-CALI                          NaN           NaN              NaN            NaN             NaN            NaN         NaN         NaN         NaN
WHEAT-ASX                           NaN           NaN              NaN            NaN             NaN            NaN         NaN         NaN         NaN
WTI_small                           NaN           NaN              NaN            NaN             NaN            NaN         NaN         NaN         NaN
YENEUR-ICE                          NaN           NaN              NaN            NaN             NaN            NaN         NaN         NaN         NaN

* indicates currently held position

********************************************************************************
                                 END OF REPORT                                  
********************************************************************************


